english_word,verb_transitivity,word_class,level,kannada_translation,transliteration
"cannot (be allowed to ,  prohibited)",,modal verb,a1,ಅನುಮತಿ ಇಲ್ಲ,anumati illa
circulation (publication count),,noun,c1,ಪ್ರಸಾರದ ಸಂಖ್ಯೆ,prasārada saṁkhye
circumstance,,noun,b2,ಪರಿಸ್ಥಿತಿ / ಸಂದರ್ಭ,paristhiti / saṁdarbha
to cite,transitive,verb,b2,ಉಲ್ಲೇಖಿಸು,ullēkhisu
"citizen (of a city, town, municipal focus)",,noun,b2,ನಗರವಾಸಿ / ಪಟ್ಟಣವಾಸಿ,nagaravāsi / paṭṭaṇavāsi
citizenship,,noun,c1,ಪೌರತ್ವ / ನಾಗರಿಕತ್ವ,pauratva / nāgarikatva
city,,noun,a1,ನಗರ,nagara
civic (relating to citizen duty),,adjective,c1,ನಾಗರಿಕ,nāgarika
civic (relating to city administration),,adjective,c1,ಪೌರಸಭೆಯ / ನಾಗರಿಕ,paurasabheya / nāgarika
civil (polite behavior),,adjective,b2,ಸಭ್ಯ / ವಿನಯದ,sabhya / vinayada
"civil (relating to citizens, non-military)",,adjective,b2,ನಾಗರಿಕ,nāgarika
civil (legal context),,adjective,b2,ನಾಗರಿಕ / ಸಿವಿಲ್,nāgarika / sivil
civilian (person),,adjective,c1,ನಾಗರಿಕ,nāgarika
civilian,,noun,c1,ನಾಗರಿಕ,nāgarika
civilization,,noun,b2,ನಾಗರಿಕತೆ,nāgarikate
claim (formal demand),,noun,b1,ಹಕ್ಕು,hakku
insurance claim,,noun,b1,ವಿಮಾ ಹಕ್ಕು,vimā hakku
claim (assertion of truth),,noun,b1,ವಾದ / ಹೇಳಿಕೆ,vāda / hēḷike
"to claim (right, possession)",transitive,verb,b1,ಹಕ್ಕು ಸಾಧಿಸು,hakku sādhisu
to claim (assert a fact),transitive,verb,b1,ವಾದಿಸು,vādisu
to clarify,transitive,verb,b2,ಸ್ಪಷ್ಟೀಕರಿಸು,spaṣṭīkarisu
clarity,,noun,c1,ಸ್ಪಷ್ಟತೆ,spaṣṭate
clash (of colors or styles),,noun,c1,ಹೊಂದಾಣಿಕೆಯಾಗದಿರುವುದು,hoṁdāṇikeyāgadiruvudu
clash (scheduling conflict),,noun,c1,ಸಮಯದ ಸಂಘರ್ಷ,samayada saṁgharṣa
"class (lesson, session)",,noun,a1,ತರಗತಿ,taragati
class (grade level),,noun,a1,ತರಗತಿ,taragati
"classic (standard-setting, high quality)",,adjective,b2,ಶ್ರೇಷ್ಠ / ಸಾರ್ವಕಾಲಿಕ,śrēṣṭha / sārvakālika
classic (relating to antiquity or formal study),,adjective,b2,ಶಾಸ್ತ್ರೀಯ,śāstrīya
classic (literary or artistic work),,noun,b2,ಶ್ರೇಷ್ಠ ಕೃತಿ,śrēṣṭha kr̥ti
classic (timeless style or item),,noun,b2,ಕ್ಲಾಸಿಕ್,klāsik
classical,,adjective,a2,ಶಾಸ್ತ್ರೀಯ,śāstrīya
classification,,noun,c1,ವರ್ಗೀಕರಣ,vargīkaraṇa
to classify,transitive,verb,b2,ವರ್ಗೀಕರಿಸು,vargīkarisu
classroom,,noun,a1,ತರಗತಿ ಕೋಣೆ,taragati kōṇe
clause (grammatical unit),,noun,b1,ಉಪವಾಕ್ಯ,upavākya
"clause (provision, condition)",,noun,b1,ಶರತ್ತು / ವಿಧಿ,śarattu / vidhi
to clean,transitive,adjective,a1,ಸ್ವಚ್ಛ ಮಾಡು,svaccha māḍu
"to wipe clean (surface, spill)",transitive,verb,a1,ಒರೆಸು,oresu
"cleaning (purification, making pure)",,noun,a2,ಶುದ್ಧೀಕರಣ,śuddhīkaraṇa
clear (transparent),,adjective,a2,ಸ್ವಚ್ಛ / ನಿರ್ಮಲ,svaccha / nirmala
clear (explicit),,adjective,a2,ಸ್ಪಷ್ಟ,spaṣṭa
"to clear (remove clutter, empty)",transitive,verb,b1,ತೆಗೆದು ಹಾಕು / ಖಾಲಿ ಮಾಡು,tegedu hāku / khāli māḍu
"to clear (become clear, go away)",intransitive,verb,b1,ಪರಿಹಾರವಾಗು,parihāravāgu
"to clear (to approve, pass)",transitive,verb,b2,ಅನುಮೋದಿಸು,anumōdisu
clearly (evidently),,adverb,a2,ಸ್ಪಷ್ಟವಾಗಿ,spaṣṭavāgi
clerk (government administrative role),,noun,b2,ಕರಣಿಕ,karaṇika
"clerk (general, older term)",,noun,b2,ಗುಮಾಸ್ತ,gumāsta
clever (cunning),,adjective,a2,ಕುತಂತ್ರಿ,kutaṁtri
click,,noun,b1,ಕ್ಲಿಕ್,klik
to click (a mouse button),transitive,verb,b1,ಕ್ಲಿಕ್ ಮಾಡು,klik māḍu
to click (a photograph),transitive,verb,b1,ಫೋಟೋ ತೆಗೆ,phōṭō tege
collapse,,noun,b2,ಕುಸಿತ,kusita
"collapse (market, health)",,noun,b2,ಪತನ,patana
to come (respectful address),intransitive,verb,a1,ಬಾ,bā
to auction,transitive,noun,b2,ಹರಾಜು ಮಾಡು,harāju māḍu
auction (event),,noun,b2,ಹರಾಜು,harāju
audience (formal meeting),,noun,a2,ಸಂದರ್ಶನ / ಔಪಚಾರಿಕ ಭೇಟಿ,saṁdarśana / aupacārika bhēṭi
audit,,noun,c1,ಲೆಕ್ಕ ಪರಿಶೋಧನೆ,lekka pariśōdhane
august,,noun,a1,ಆಗಸ್ಟ್,āgasṭ
aunt (mother's younger sister),,noun,a1,ಚಿಕ್ಕಮ್ಮ,cikkamma
aunt (mother's elder sister),,noun,a1,ದೊಡ್ಡಮ್ಮ,doḍḍamma
aunt (father's sister),,noun,a1,ಅತ್ತೆ,atte
"auto (autorickshaw, complete name)",,noun,c1,ಆಟೋರಿಕ್ಷಾ,āṭōrikṣā
auto (common usage),,noun,a1,ಆಟೋ,āṭō
automatic (self-operating mechanism),,adjective,b2,ಸ್ವಯಂಚಾಲಿತ,svayaṁcālita
"automatically (mechanically, systematically)",,adverb,b2,ಸ್ವಯಂಚಾಲಿತವಾಗಿ,svayaṁcālitavāgi
autumn,,noun,a1,ಶರತ್ಕಾಲ,śaratkāla
average (statistical mean),,adjective,a2,ಸರಾಸರಿ,sarāsari
to average (calculate the mean),transitive,verb,b1,ಸರಾಸರಿ ತೆಗೆ / ಸರಾಸರಿ ಲೆಕ್ಕ ಹಾಕು,sarāsari tege / sarāsari lekka hāku
biological (parentage),,adjective,b2,ಜೀವಶಾಸ್ತ್ರೀಯ,jīvaśāstrīya
bit,,noun,a2,ಸ್ವಲ್ಪ,svalpa
black (illicit),,noun,a2,ಕಪ್ಪು,kappu
blank,,noun,a2,ಖಾಲಿ ಜಾಗ,khāli jāga
another,,determiner,a1,ಇನ್ನೊಂದು,innoṁdu
to answer (a telephone or door),transitive,verb,a1,ಉತ್ತರಿಸು,uttarisu
any (zero quantity),,pronoun,a1,ಏನೂ,ēnū
"any more (time, cessation)",,adverb,a2,ಇನ್ನು,innu
anywhere,,adverb,a2,ಎಲ್ಲಾದರೂ,ellādarū
anywhere (in questions or possibilities),,pronoun,a2,ಎಲ್ಲಾದರೂ,ellādarū
anywhere (in negative statements),,pronoun,a2,ಎಲ್ಲೂ,ellū
appetite (for food),,noun,c1,ಹಸಿವು,hasivu
apple,,noun,a1,ಸೇಬು,sēbu
to born,,verb,a1,ಹುಟ್ಟು,huṭṭu
bread,,noun,a1,ಬ್ರೆಡ್,breḍ
"bread (general flatbread, roti)",,noun,a1,ರೊಟ್ಟಿ,roṭṭi
to break (a rule or promise),transitive,verb,a1,ಉಲ್ಲಂಘಿಸು / ಮುರಿ,ullaṁghisu / muri
baseball (the ball),,noun,a2,ಬೇಸ್ಬಾಲ್,bēsbāl
"basic (simple, rudimentary)",,adjective,b1,ಮೂಲಭೂತ,mūlabhūta
basketball (the physical ball),,noun,a2,ಬಾಸ್ಕೇಟ್ಬಾಲ್,bāskēṭbāl
to be (to exist or be located),intransitive,verb,a1,ಇರು,iru
to be (to become or define identity),intransitive,verb,a1,ಆಗು,āgu
"to be (to exist, be located)",intransitive,auxiliary verb,a1,ಇರು,iru
"to be (identity, copula)",intransitive,auxiliary verb,a1,ಆಗು,āgu
"to be (identity, copula, negative)",intransitive,auxiliary verb,a1,ಅಲ್ಲ / ಇಲ್ಲ,alla / illa
"(It) is not (identity, copula negation)",,auxiliary verb,a1,ಅಲ್ಲ,alla
"(It) is not (existence, location negation)",,auxiliary verb,a1,ಇಲ್ಲ,illa
bear,,noun,a2,ಕರಡಿ,karaḍi
beef,,noun,a2,ದನದ ಮಾಂಸ,danada māṁsa
beer,,noun,a1,ಬಿಯರ್,biyar
"before (time, sequence)",,conjunction,a2,ಮುಂಚೆ / ಮೊದಲು,muṁce / modalu
behind (remaining or lagging),,preposition,a1,ಹಿಂದೆ,hiṁde
below (less than),,preposition,a1,ಕೆಳಗೆ,keḷage
adventure,,noun,a2,ಸಾಹಸ,sāhasa
advertising,,noun,a2,ಪ್ರಚಾರ,pracāra
after (following time or event),,preposition,a1,ನಂತರ,naṁtara
afternoon,,noun,a1,ಮಧ್ಯಾಹ್ನ,madhyāhna
ahead (to grant permission),,adverb,b1,ಮುಂದುವರಿ,muṁduvari
go ahead,,adverb,b1,ಮುಂದುವರಿ,muṁduvari
to aid (provide official support or relief),transitive,verb,b2,ನೆರವು ನೀಡು / ಸಹಾಯ ಮಾಡು,neravu nīḍu / sahāya māḍu
"alcohol (alcoholic drink ,  liquor)",,noun,b1,ಮದ್ಯ,madya
alert (vigilant),,noun,c1,ಜಾಗರೂಕತೆ,jāgarūkate
to alert,transitive,noun,b2,ಎಚ್ಚರಿಸು,eccarisu
to align (intr.),intransitive,verb,c1,ಹೊಂದಾಣಿಕೆ ಆಗು / ಸಮನ್ವಯವಾಗು,hoṁdāṇike āgu / samanvayavāgu
alike (both x and y),,adjective,c1,ಸಮಾನವಾಗಿ / ಬೇಧವಿಲ್ಲದೆ,samānavāgi / bēdhavillade
alike (both X and Y),,adverb,c1,ಒಂದೇ ತರಹ / ಸರಿಸಮವಾಗಿ,oṁdē taraha / sarisamavāgi
all (quantifier),,adverb,a2,ಎಲ್ಲಾ,ellā
all (pronoun),,adverb,a2,ಎಲ್ಲವೂ / ಎಲ್ಲಾ,ellavū / ellā
all (entire duration or quantity),,determiner,a1,ಇಡೀ / ಪೂರ್ತಿ,iḍī / pūrti
all right (agreement),,adverb,a2,ಸರಿ / ಆಯ್ತು,sari / āytu
"all right (health, safety)",,adverb,a2,ಕ್ಷೇಮವಾಗಿ,kṣēmavāgi
all right (general agreement),,exclamation,a2,ಸರಿ / ಆಯ್ತು,sari / āytu
all right (formal assent),,exclamation,a2,ಒಪ್ಪಿಗೆ,oppige
"to cave (in) (yield, surrender)",intransitive,noun,b2,ಬಗ್ಗಿಕೊ / ಶರಣಾಗು,baggiko / śaraṇāgu
to cave (in) (collapse),intransitive,noun,b2,ಕುಸಿ,kusi
cd,,noun,a1,ಸಿಡಿ,siḍi
cent (unit of land area),,noun,a1,ಸೆಂಟ್,seṁṭ
"centre (institution, hub)",,noun,a1,ಕೇಂದ್ರ,kēṁdra
to centre (to place in the middle),transitive,verb,b1,ಮಧ್ಯದಲ್ಲಿ ಇಡು,madhyadalli iḍu
"to centre (to focus, to revolve around)",intransitive,verb,b1,ಕೇಂದ್ರೀಕರಿಸು,kēṁdrīkarisu
century (100 years),,noun,a1,ಶತಮಾನ,śatamāna
century (cricket score),,noun,a1,ಶತಕ,śataka
"ceremony (event, function)",,noun,b1,ಕಾರ್ಯಕ್ರಮ,kāryakrama
"ceremony (religious rite, ritual)",,noun,b1,ಸಮಾರಂಭ / ಆಚರಣೆ,samāraṁbha / ācaraṇe
"certain (sure, confident)",,adjective,a2,ಖಚಿತ,khacita
certain (specific but unnamed),,adjective,a2,ನಿರ್ದಿಷ್ಟ,nirdiṣṭa
"certainly (as a positive response, yes)",,adverb,a2,ಖಂಡಿತ,khaṁḍita
certainty,,noun,b2,ಖಚಿತತೆ,khacitate
certificate,,noun,b2,ಪ್ರಮಾಣ ಪತ್ರ,pramāṇa patra
"chain (physical object, like jewelry or security)",,noun,b1,ಸರಪಳಿ,sarapaḷi
chain (business or sequence of stores),,noun,b1,ಸರಣಿ,saraṇi
to chain (to link sequentially),transitive,verb,b2,ಜೋಡಿಸು,jōḍisu
chair (position of authority),,noun,a2,ಅಧ್ಯಕ್ಷ ಸ್ಥಾನ,adhyakṣa sthāna
to chair,,verb,b2,ಅಧ್ಯಕ್ಷತೆ ವಹಿಸು,adhyakṣate vahisu
chairperson,,noun,b2,ಅಧ್ಯಕ್ಷರು,adhyakṣaru
chair (committee head),,noun,b2,ಅಧ್ಯಕ್ಷರು,adhyakṣaru
challenge (formal objection),,noun,b2,ಆಕ್ಷೇಪಣೆ,ākṣēpaṇe
"to challenge (to question a claim, decision)",transitive,verb,b2,ಆಕ್ಷೇಪಿಸು,ākṣēpisu
challenging (demanding effort),,adjective,b2,ಸವಾಲಿನ,savālina
challenging (very difficult),,adjective,b2,ಕಠಿಣವಾದ,kaṭhiṇavāda
chamber (legislative assembly),,noun,c1,ಸದನ / ಸಭೆ,sadana / sabhe
chamber (internal cavity),,noun,c1,ಕುಹರ,kuhara
chamber (formal room),,noun,c1,ಕೊಠಡಿ,koṭhaḍi
champion (advocate),,noun,b1,ಸಮರ್ಥಕ,samarthaka
championship (the event),,noun,b2,ಪಂದ್ಯಾವಳಿ,paṁdyāvaḷi
chance (opportunity),,noun,a2,ಅವಕಾಶ,avakāśa
chance (probability),,noun,a2,ಸಾಧ್ಯತೆ,sādhyate
change (alteration),,noun,a1,ಬದಲಾವಣೆ,badalāvaṇe
change (money remainder),,noun,a1,ಚಿಲ್ಲರೆ,cillare
"to change (state, condition)",intransitive,verb,a1,ಬದಲಾಗು,badalāgu
"to change (alter, replace something)",transitive,verb,a1,ಬದಲಾಯಿಸು,badalāyisu
channel (television station),,noun,b1,ವಾಹಿನಿ,vāhini
channel (waterway),,noun,b1,ಕಾಲುವೆ,kāluve
channel (means of communication),,noun,b1,ಮಾಧ್ಯಮ,mādhyama
chaos (anarchy),,noun,c1,ಅರಾಜಕತೆ / ಅವ್ಯವಸ್ಥೆ,arājakate / avyavasthe
chapter (period of time),,noun,b1,ಹಂತ / ಅಧ್ಯಾಯ,haṁta / adhyāya
"character (personality, integrity)",,noun,a2,ವ್ಯಕ್ತಿತ್ವ / ನಡತೆ,vyaktitva / naḍate
character (role in fiction),,noun,a2,ಪಾತ್ರ,pātra
characteristic (quality or feature),,adjective,b2,ವಿಶಿಷ್ಟವಾದ / ಲಕ್ಷಣದ,viśiṣṭavāda / lakṣaṇada
characteristic,,noun,b2,ಲಕ್ಷಣ / ಗುಣ,lakṣaṇa / guṇa
to characterize (to describe the features of),transitive,verb,c1,ಲಕ್ಷಣಗಳನ್ನು ವಿವರಿಸು,lakṣaṇagaḷannu vivarisu
to characterize (to be the distinguishing feature of),transitive,verb,c1,ಗುರುತಿಸು,gurutisu
"charge (fee, cost)",,noun,b1,ಶುಲ್ಕ / ಬೆಲೆ,śulka / bele
charge (accusation),,noun,b1,ಆರೋಪ,ārōpa
"charge (responsibility, duty)",,noun,b1,ಜವಾಬ್ದಾರಿ / ಉಸ್ತುವಾರಿ,javābdāri / ustuvāri
charge (electrical state),,noun,b1,ಆವೇಶ / ವಿದ್ಯುತ್ ಶಕ್ತಿ,āvēśa / vidyut śakti
"to charge (a battery, device)",transitive,verb,b1,ಚಾರ್ಜ್ ಮಾಡು / ಶಕ್ತಿ ತುಂಬು,cārj māḍu / śakti tuṁbu
to breed,transitive,noun,c1,ಸಂತಾನೋತ್ಪತ್ತಿ ಮಾಡು,saṁtānōtpatti māḍu
brown (adjective),,noun,a1,ಕಂದು ಬಣ್ಣ,kaṁdu baṇṇa
bureaucracy (system of administration),,noun,c1,ಆಡಳಿತ ವ್ಯವಸ್ಥೆ,āḍaḷita vyavasthe
bureaucracy (administration),,noun,c1,ನೌಕರಶಾಹಿ,naukaraśāhi
"bureaucracy (excessive red tape, slowness)",,noun,c1,ನೌಕರಶಾಹಿ,naukaraśāhi
bureaucracy (red tape),,noun,c1,ಅನಗತ್ಯ ವಿಳಂಬ,anagatya viḷaṁba
burial (physical interment),,noun,c1,ಹೂಳುವಿಕೆ,hūḷuvike
burial (funeral ceremony),,noun,c1,ಅಂತ್ಯಕ್ರಿಯೆ,aṁtyakriye
burn,,noun,b2,ಸುಡುಗಾಯ,suḍugāya
burn (injury),,noun,b2,ಸುಟ್ಟ ಗಾಯ,suṭṭa gāya
to burn (to be on fire),intransitive,verb,a2,ಉರಿ,uri
to burn (to destroy by fire),transitive,verb,a2,ಸುಡು,suḍu
to burst (to rush in suddenly),intransitive,verb,c1,ನುಗ್ಗು,nuggu
to burst (to express emotion suddenly),intransitive,verb,c1,ಉಕ್ಕಿಬರು,ukkibaru
"to burst (into tears, laughter)",,verb,c1,ಒಮ್ಮೆಗೆ ಅಳು / ಒಮ್ಮೆಗೆ ನಗು,ommege aḷu / ommege nagu
to bury (to hide an object),transitive,verb,b1,ಹೂಳು,hūḷu
to bury (a deceased person),transitive,verb,b1,ದಫನ ಮಾಡು,daphana māḍu
"to bury (general, literal interment)",transitive,verb,b1,ಹೂಳು,hūḷu
bus,,noun,a1,ಬಸ್ಸು,bassu
bush (mechanical part),,noun,b2,ಬುಶ್,buś
"business (commercial enterprise, trade)",,noun,a1,ವ್ಯಾಪಾರ,vyāpāra
"business (matter, affair, task)",,noun,a2,ಕೆಲಸ / ವಿಷಯ,kelasa / viṣaya
businesswoman,,noun,a2,ಮಹಿಳಾ ವ್ಯಾಪಾರಿ,mahiḷā vyāpāri
businessman (large-scale entrepreneur),,noun,b1,ಉದ್ಯಮಿ,udyami
busy (telephone line engaged),,adjective,a1,ಎಂಗೇಜ್,eṁgēj
"busy (crowded, bustling)",,adjective,a1,ಗಿಜಿಗುಡುವ,gijiguḍuva
"but (meaning except, only)",,conjunction,a2,ಹೊರತು,horatu
"but (conjunction, contrast)",,preposition,b2,ಆದರೆ / ಆದರೂ,ādare / ādarū
but (except),,preposition,b2,ಹೊರತುಪಡಿಸಿ,horatupaḍisi
to butter (apply butter),transitive,noun,a2,ಬೆಣ್ಣೆ ಹಚ್ಚು,beṇṇe haccu
button (device control),,noun,a2,ಗುಂಡಿ / ಬಟನ್,guṁḍi / baṭan
to buy (koḷḷu),transitive,verb,a1,ಕೊಳ್ಳು,koḷḷu
by (means or agent),,adverb,b1,ಇಂದ -,iṁda -
by (next to),,adverb,b1,ಪಕ್ಕದಲ್ಲಿ / ಹತ್ತಿರ,pakkadalli / hattira
by (not later than),,adverb,b1,ಒಳಗಾಗಿ,oḷagāgi
by (means of),,preposition,a1,ಇಂದ -,iṁda -
by (deadline),,preposition,a1,ಒಳಗೇ,oḷagē
"by (near, beside)",,preposition,a1,ಪಕ್ಕದಲ್ಲಿ,pakkadalli
bye (polite parting),,exclamation,a1,ಹೋಗಿ ಬನ್ನಿ,hōgi banni
"cabin (small dwelling, hut)",,noun,b2,ಗುಡಿಸಲು,guḍisalu
"cabin (aircraft, ship compartment)",,noun,b2,ಕ್ಯಾಬಿನ್,kyābin
cabinet (political body),,noun,c1,ಮಂತ್ರಿಮಂಡಲ / ಸಚಿವ ಸಂಪುಟ,maṁtrimaṁḍala / saciva saṁpuṭa
cabinet (storage unit),,noun,c1,ಕಪಾಟು,kapāṭu
"cable (structural rope, hawser)",,noun,b2,ಕೇಬಲ್,kēbal
to arrive,,verb,a1,ಬರು / ತಲುಪು,baru / talupu
arrow (directional symbol),,noun,b2,ದಿಗ್ಸೂಚಕ ಬಾಣ / ಗುರುತು ಬಾಣ,digsūcaka bāṇa / gurutu bāṇa
art (skill or technique),,noun,a1,ಕಲೆ,kale
article (writing),,noun,a1,ಲೇಖನ,lēkhana
article (object),,noun,a1,ವಸ್ತು / ಸಾಮಾನು,vastu / sāmānu
to articulate (to form a joint),,verb,c1,ಸಂಧಿ ಮಾಡು / ಜೋಡಿಸು,saṁdhi māḍu / jōḍisu
artificial (synthetic),,adjective,b2,ಕೃತಕ,kr̥taka
assistant (person),,adjective,a2,ಸಹಾಯಕ,sahāyaka
to connect (to establish contact),transitive,verb,a2,ಸಂಪರ್ಕಿಸು,saṁparkisu
conscience,,noun,c1,ಆತ್ಮಸಾಕ್ಷಿ,ātmasākṣi
"consciousness (collective, philosophical)",,noun,c1,ಅರಿವು / ಪ್ರಜ್ಞೆ,arivu / prajñe
consensus,,noun,c1,ಒಮ್ಮತ,ommata
"consequently (formal, written)",,adverb,b2,ತತ್ಪರಿಣಾಮವಾಗಿ / ಫಲವಾಗಿ,tatpariṇāmavāgi / phalavāgi
"conventional (military, weapons)",,adjective,b2,ಸಾಂಪ್ರದಾಯಿಕ,sāṁpradāyika
conversion (religious),,noun,c1,ಮತಾಂತರ,matāṁtara
to convert (change religion),transitive,verb,b2,ಮತಾಂತರ ಮಾಡು,matāṁtara māḍu
cooker (appliance),,noun,a2,ಕುಕ್ಕರ್,kukkar
current (natural flow),,noun,b2,ಪ್ರವಾಹ / ಹರಿವು,pravāha / harivu
current (electrical),,noun,b2,ವಿದ್ಯುತ್ ಪ್ರವಾಹ,vidyut pravāha
currently (formal),,adverb,b1,ಪ್ರಸ್ತುತವಾಗಿ,prastutavāgi
curriculum,,noun,b2,ಪಠ್ಯಕ್ರಮ,paṭhyakrama
curtain,,noun,b1,ಪರದೆ,parade
curve (graph or statistics),,noun,b2,ವಕ್ರರೇಖೆ,vakrarēkhe
"to curve (path, trajectory)",intransitive,verb,b2,ವಕ್ರವಾಗು,vakravāgu
to curve (to bend something),transitive,verb,b2,ವಕ್ರ ಮಾಡು,vakra māḍu
"curved (bent, crooked)",,adjective,b2,ಡೊಂಕಾದ / ಬಾಗಿದ,ḍoṁkāda / bāgida
"curved (arc, formal)",,adjective,b2,ವಕ್ರವಾದ,vakravāda
custody (detention by police),,noun,c1,ವಶ,vaśa
police custody,,noun,c1,ಪೋಲಿಸ್ ವಶ,pōlis vaśa
custody (legal guardianship),,noun,c1,ಕಸ್ಟಡಿ,kasṭaḍi
"custody (care, guardianship)",,noun,c1,ಪಾಲನೆ / ಪೋಷಣೆ,pālane / pōṣaṇe
"custom (duties, tax authority)",,noun,b1,ಸುಂಕ / ಕಸ್ಟಮ್ಸ್,suṁka / kasṭams
customer,,noun,a1,ಗ್ರಾಹಕ,grāhaka
cut (reduction),,noun,b1,ಕಡಿತ,kaḍita
cut (style),,noun,b1,ಶೈಲಿ / ಕಟ್,śaili / kaṭ
cutting (the act of severing),,noun,c1,ಕತ್ತರಿಕೆ / ಕತ್ತರಿಸುವಿಕೆ,kattarike / kattarisuvike
cutting (plant piece for propagation),,noun,c1,ತಳಿ ಕಡ್ಡಿ,taḷi kaḍḍi
cutting (plant piece),,noun,c1,ಕತ್ತರಿಸಿದ ಸಸಿ ಭಾಗ,kattarisida sasi bhāga
"cutting (newspaper clipping, excerpt)",,noun,c1,ಪತ್ರಿಕಾ ತುಣುಕು,patrikā tuṇuku
cycle (bicycle),,noun,a2,ಸೈಕಲ್,saikal
cycle (period of time or recurring sequence),,noun,a2,ಚಕ್ರ / ಆವರ್ತ,cakra / āvarta
to cycle,intransitive,verb,a2,ಸೈಕಲ್ ಓಡಿಸು,saikal ōḍisu
scornfully pessimistic,,adjective,c1,ತಿರಸ್ಕಾರದ ದೃಷ್ಟಿಯ,tiraskārada dr̥ṣṭiya
dad (common spoken),,noun,a1,ಅಪ್ಪ,appa
"father (formal, biological)",,noun,a1,ತಂದೆ,taṁde
daily (every day),,adjective,a2,ಪ್ರತಿದಿನದ,pratidinada
daily (every day),,adverb,b1,ಪ್ರತಿದಿನ,pratidina
"daily (routine, regularly)",,adverb,b1,ದಿನನಿತ್ಯ,dinanitya
dairy,,adjective,b2,ಹೈನಿನ,hainina
dairy (establishment or factory),,noun,b2,ಡೇರಿ,ḍēri
dam (mother of an animal),,noun,c1,ತಾಯಿ,tāyi
damages (legal compensation),,noun,b1,ನಷ್ಟ ಪರಿಹಾರ,naṣṭa parihāra
dark,,noun,a2,ಕತ್ತಲೆ,kattale
to date (determine age),transitive,verb,b2,ಕಾಲ ನಿರ್ಣಯ ಮಾಡು,kāla nirṇaya māḍu
dead (powerless or depleted),,adjective,a2,ನಿಷ್ಕ್ರಿಯ,niṣkriya
deadly (extremely serious),,adjective,b2,ತೀವ್ರವಾದ,tīvravāda
deadly (accurate),,adjective,b2,ಅತ್ಯಂತ ನಿಖರವಾದ,atyaṁta nikharavāda
deal (amount),,noun,b1,ಪ್ರಮಾಣ,pramāṇa
"each (each one, individually)",,adverb,a1,ಪ್ರತಿಯೊಬ್ಬ,pratiyobba
each (per unit),,determiner,a1,ಪ್ರತಿಯೊಂದಕ್ಕೆ,pratiyoṁdakke
each (per unit),,pronoun,a1,ಒಂದಕ್ಕೆ,oṁdakke
"easily (likely, probably)",,adverb,a2,ಸುಲಭವಾಗಿ,sulabhavāgi
east (the direction),,adjective,a1,ಪೂರ್ವ,pūrva
east (eastern),,adjective,a1,ಪೂರ್ವದ,pūrvada
east (the direction),,adverb,a1,ಪೂರ್ವ,pūrva
east,,noun,a1,ಪೂರ್ವ,pūrva
easy (simple or straightforward nature),,adjective,a1,ಸುಲಭ,sulabha
"to edit (formally, to revise content)",transitive,verb,b2,ಸಂಪಾದಿಸು,saṁpādisu
edition (of a newspaper or magazine),,noun,b2,ಸಂಚಿಕೆ,saṁcike
to emerge (to come out),intransitive,verb,b2,ಹೊರಬರು,horabaru
to emerge (to become known),intransitive,verb,b2,ತಿಳಿದುಬರು,tiḷidubaru
emergence (coming out or surfacing),,noun,c1,ಹೊರಹೊಮ್ಮುವಿಕೆ,horahommuvike
"emergency (sudden crisis, medical need)",,noun,b1,ತುರ್ತು ಪರಿಸ್ಥಿತಿ,turtu paristhiti
state of emergency (political declaration),,noun,b2,ತುರ್ತು ಸ್ಥಿತಿ,turtu sthiti
"emission (of pollutants, heat)",,noun,b2,ಹೊರಸೂಸುವಿಕೆ,horasūsuvike
emission (biological discharge),,noun,b2,ಸ್ರಾವ,srāva
emotion (intense agitation or excitement),,noun,b2,ಭಾವೋದ್ವೇಗ,bhāvōdvēga
"emotional (relating to feelings, affect)",,adjective,b2,ಭಾವನಾತ್ಮಕ,bhāvanātmaka
emotional (easily moved or sensitive),,adjective,b2,ಭಾವುಕ,bhāvuka
emotionally,,adverb,b2,ಭಾವನಾತ್ಮಕವಾಗಿ,bhāvanātmakavāgi
emphasis (stress in speech),,noun,b2,ಒತ್ತು,ottu
to emphasize (make prominent),transitive,verb,b2,ಒತ್ತುಕೊಡು,ottukoḍu
"empire (business, organization)",,noun,b2,ಸಾಮ್ರಾಜ್ಯ,sāmrājya
empirical,,adjective,c1,ಅನುಭವಾತ್ಮಕ,anubhavātmaka
to employ (hire someone),transitive,verb,a2,ನೇಮಿಸು,nēmisu
to employ (use a tool or method),transitive,verb,a2,ಬಳಸಿಕೊ,baḷasiko
employee (female staff member),,noun,a2,ಉದ್ಯೋಗಿಣಿ,udyōgiṇi
"employee (subordinate, junior worker)",,noun,b1,ನೌಕರ,naukara
"employer (owner, boss)",,noun,a2,ಮಾಲೀಕ,mālīka
empty (containing nothing),,adjective,a2,ಖಾಲಿ,khāli
to empty (something),transitive,verb,b1,ಖಾಲಿ ಮಾಡು,khāli māḍu
to empty (become empty),intransitive,verb,b1,ಖಾಲಿಯಾಗು,khāliyāgu
to enable (a feature or setting),transitive,verb,b2,ಸಕ್ರಿಯಗೊಳಿಸು,sakriyagoḷisu
to enact (a law),transitive,verb,c1,ಜಾರಿಗೊಳಿಸು,jārigoḷisu
"to enact (a scene, role)",transitive,verb,c1,ಅಭಿನಯಿಸು,abhinayisu
encounter (unplanned meeting or minor clash),,noun,b2,ಎದುರಾಗುವಿಕೆ,edurāguvike
to encounter (to meet by chance),intransitive,verb,b2,ಎದುರಾಗು,edurāgu
"to encounter (difficulty, opposition)",transitive,verb,b2,ಎದುರಿಸು,edurisu
to encourage,transitive,verb,b1,ಪ್ರೋತ್ಸಾಹಿಸು,prōtsāhisu
encouragement,,noun,c1,ಪ್ರೋತ್ಸಾಹ,prōtsāha
to end (to finish doing something),transitive,verb,a1,ಮುಗಿಸು,mugisu
endeavour,,noun,c1,ಪ್ರಯತ್ನ,prayatna
"ending (conclusion of story, event)",,noun,a2,ಅಂತ್ಯ,aṁtya
"to endorse (to publicly support a product, candidate)",transitive,verb,c1,ಬೆಂಬಲಿಸು,beṁbalisu
to endorse (formally approve),transitive,verb,c1,ಅನುಮೋದಿಸು,anumōdisu
endorsement (commercial product promotion),,noun,c1,ಪ್ರಚಾರ,pracāra
cream (dairy product),,adjective,b1,ಕೆನೆಯುಳ್ಳ,keneyuḷḷa
cream (lotion),,adjective,b1,ಕೆನೆ ಬಣ್ಣದ,kene baṇṇada
crowded (high density),,adjective,a2,ಜನದಟ್ಟಣೆಯ,janadaṭṭaṇeya
dear,,exclamation,a2,ಅಯ್ಯೋ / ದೇವರೇ,ayyō / dēvarē
"debut (formal, classical)",,noun,c1,ಅರಂಗೇಟ್ರಂ,araṁgēṭraṁ
euro,,noun,a1,ಯೂರೋ,yūrō
to do,,verb,a1,ಮಾಡು,māḍu
to do,transitive,auxiliary verb,a1,ಮಾಡು,māḍu
"to dominate (control, influence)",transitive,verb,b2,ನಿಯಂತ್ರಿಸು / ಆಧಿಪತ್ಯ ಮಾಡು,niyaṁtrisu / ādhipatya māḍu
"to dominate (be prominent, tower over)",intransitive,verb,b2,ಎದ್ದು ಕಾಣು,eddu kāṇu
to donate,transitive,verb,b1,ದಾನ ಮಾಡು / ಕೊಡುಗೆ ನೀಡು,dāna māḍu / koḍuge nīḍu
"donation (medical, biological)",,noun,b2,ದಾನ,dāna
donation (religious offering),,noun,b2,ಕಾಣಿಕೆ / ದೇಣಿಗೆ,kāṇike / dēṇige
"donor (general, philanthropic)",,noun,c1,ದಾನಿ / ಕೊಡುಗೆದಾರ,dāni / koḍugedāra
"donor (medical, e.g., blood, organ)",,noun,c1,ದಾನಿ,dāni
door,,noun,a1,ಬಾಗಿಲು,bāgilu
dose (radiation measurement),,noun,c1,ಪ್ರಮಾಣ / ಡೋಸ್,pramāṇa / ḍōs
"dot (forehead mark, bindi)",,noun,b2,ಬೊಟ್ಟು / ಬಿಂದಿ,boṭṭu / biṁdi
to double,transitive,adjective,a2,ದುಪ್ಪಟ್ಟು ಮಾಡು,duppaṭṭu māḍu
double,,adverb,b1,ದುಪ್ಪಟ್ಟು / ಎರಡು ಪಟ್ಟು,duppaṭṭu / eraḍu paṭṭu
to double (to multiply by two),transitive,determiner,b1,ದುಪ್ಪಟ್ಟು ಮಾಡು,duppaṭṭu māḍu
double (designed for two people),,determiner,a2,ಡಬಲ್ / ಎರಡು ಜನರಿಗೆ ಇರುವ,ḍabal / eraḍu janarige iruva
double (twice the amount or size),,pronoun,a2,ದುಪ್ಪಟ್ಟು / ಎರಡು ಪಟ್ಟು,duppaṭṭu / eraḍu paṭṭu
to double (to multiply or increase),transitive,pronoun,a2,ದುಪ್ಪಟ್ಟು ಮಾಡು,duppaṭṭu māḍu
to double (increase twofold),intransitive,verb,a2,ದ್ವಿಗುಣಗೊಳಿಸು,dviguṇagoḷisu
to double (to fold over),transitive,verb,a2,ಮಡಚು,maḍacu
doubt,,noun,b1,ಸಂದೇಹ / ಸಂಶಯ,saṁdēha / saṁśaya
to doubt,transitive,verb,b1,ಸಂದೇಹಿಸು,saṁdēhisu
"down (emotionally, sad)",,adverb,a1,ಬೇಸರ / ದುಃಖಿತ,bēsara / duḥkhita
down,,preposition,a1,ಕೆಳಗೆ,keḷage
download,,noun,a2,ಡೌನ್ಲೋಡ್,ḍaunlōḍ
"download (action, process)",,noun,a2,ಡೌನ್ಲೋಡ್ ಮಾಡುವಿಕೆ,ḍaunlōḍ māḍuvike
to download,transitive,verb,a2,ಡೌನ್ಲೋಡ್ ಮಾಡು,ḍaunlōḍ māḍu
"downstairs (adverb of place, movement)",,adjective,a2,ಕೆಳಗಿನ,keḷagina
downstairs (movement),intransitive,adjective,a2,ಕೆಳಕ್ಕೆ,keḷakke
downstairs (adjective: relating to lower floor),,adjective,a2,ಕೆಳಗಿನ,keḷagina
downstairs (location),,adverb,a1,ಕೆಳಗೆ,keḷage
downtown,,adjective,b2,ನಗರದ ಮಧ್ಯಭಾಗದ,nagarada madhyabhāgada
downtown,,adverb,b2,ನಗರದ ಮಧ್ಯಕ್ಕೆ,nagarada madhyakke
downtown,,noun,b2,ನಗರದ ಮಧ್ಯಭಾಗ,nagarada madhyabhāga
downwards (decreasing trend),,adverb,b2,ಕೆಳಮುಖವಾಗಿ,keḷamukhavāgi
dozens (many),,determiner,b2,ಹತ್ತಾರು,hattāru
dozen,,noun,b2,ಡಜನ್,ḍajan
draft (preliminary document),,noun,b2,ಕರಡು,karaḍu
draft (current of air),,noun,b2,ಗಾಳಿಯ ಸೆಳೆತ,gāḷiya seḷeta
draft (financial instrument),,noun,b2,ಡ್ರಾಫ್ಟ್,ḍrāphṭ
"to draft (a document, plan)",transitive,verb,b2,ರೂಪಿಸು,rūpisu
"to draft (select for a team, military)",transitive,verb,b2,ಆಯ್ಕೆ ಮಾಡು,āyke māḍu
to drag (physically pull),transitive,verb,b2,ಎಳೆ,eḷe
"to drag (process, time)",intransitive,verb,b2,ಸುದೀರ್ಘವಾಗು,sudīrghavāgu
"to drain (exhaust resources, energy)",transitive,verb,c1,ಬರಿದು ಮಾಡು,baridu māḍu
"to drain (flow away, liquid)",intransitive,verb,c1,ಬರಿದಾಗು,baridāgu
drama (theatrical performance),,noun,a2,ನಾಟಕ,nāṭaka
"drama (melodrama, fuss)",,noun,a2,ಗಲಾಟೆ,galāṭe
dramatic (relating to theater),,adjective,b2,ನಾಟಕೀಯ,nāṭakīya
dramatic (striking or sudden),,adjective,b2,ಗಮನಾರ್ಹ,gamanārha
"dramatic (sudden, severe)",,adjective,b2,ತೀವ್ರ,tīvra
dramatically (significantly),,adverb,b2,ಗಣನೀಯವಾಗಿ,gaṇanīyavāgi
extremely (literary),,adverb,a2,ಅತ್ಯಂತ / ಅತಿ,atyaṁta / ati
"to facilitate (a discussion, workshop)",transitive,verb,c1,ಸುಗಮಗೊಳಿಸು,sugamagoḷisu
"famous (infamous, notorious)",,adjective,a2,ಪ್ರಸಿದ್ಧ / ಕುಖ್ಯಾತ,prasiddha / kukhyāta
farmer (formal),,noun,a1,ರೈತ / ಕೃಷಿಕ,raita / kr̥ṣika
fat (adjective),,noun,a2,ದಪ್ಪ,dappa
fine,,noun,c1,ದಂಡ,daṁḍa
fun,,adjective,a2,ಮೋಜಿನ,mōjina
"fun (enjoyment, amusement)",,adjective,a2,ಮೋಜು,mōju
to function (operate),intransitive,verb,b2,ಕೆಲಸ ಮಾಡು / ಕಾರ್ಯ ನಿರ್ವಹಿಸು,kelasa māḍu / kārya nirvahisu
"fundraising (formal, technical)",,noun,c1,ನಿಧಿ ಸಂಗ್ರಹ,nidhi saṁgraha
fur (material or garment),,noun,b1,ತುಪ್ಪಳ,tuppaḷa
further (additionally),,adjective,a2,ಹೆಚ್ಚುವರಿ / ಮುಂದಿನ,heccuvari / muṁdina
"future (time, noun)",,adjective,a2,ಭವಿಷ್ಯದ,bhaviṣyada
future,,noun,a1,ಭವಿಷ್ಯ,bhaviṣya
"to gather (things or people together, to collect)",transitive,verb,b1,ಸಂಗ್ರಹಿಸು / ಒಟ್ಟು ಮಾಡು,saṁgrahisu / oṭṭu māḍu
firm (adjective - solid),,noun,b2,ಗಟ್ಟಿ,gaṭṭi
firm (adjective - determined),,noun,b2,ದೃಢ,dr̥ḍha
"first (ordinal rank, adjective)",,noun,a2,ಮೊದಲ,modala
flat,,noun,a1,ಫ್ಲ್ಯಾಟ್,phlyāṭ
flu,,noun,a2,ಜ್ವರ,jvara
flying,,noun,a2,ಹಾರಾಟ,hārāṭa
folk,,adjective,b1,ಜಾನಪದ,jānapada
following (after an event or time),,adjective,a2,ನಂತರದ / ಅನಂತರದ,naṁtarada / anaṁtarada
following,,noun,b1,ಅನುಯಾಯಿಗಳು / ಹಿಂಬಾಲಕರು,anuyāyigaḷu / hiṁbālakaru
following,,preposition,b2,ನಂತರ / ಅನುಸರಿಸಿ,naṁtara / anusarisi
hospital (common usage),,noun,a1,ಆಸ್ಪತ್ರೆ,āspatre
host (computer network),,noun,b2,ಹೋಸ್ಟ್,hōsṭ
to host (a website or server),transitive,verb,b2,ಹೋಸ್ಟ್ ಮಾಡು,hōsṭ māḍu
genius,,noun,b2,ಪ್ರತಿಭೆ,pratibhe
to grade (classify quality),transitive,verb,b2,ವಿಂಗಡಿಸು,viṁgaḍisu
gradually,,adverb,b2,ಕ್ರಮೇಣ,kramēṇa
graduate,,noun,b1,ಪದವೀಧರ,padavīdhara
to graduate,intransitive,verb,b1,ಪದವಿ ಪಡೆಯು,padavi paḍeyu
grain (cereal crops collectively),,noun,b1,ಧಾನ್ಯ,dhānya
grain (single seed or small particle),,noun,b1,ಕಾಳು,kāḷu
"grain (small particle, e.g., sand)",,noun,b1,ಕಣ,kaṇa
"grand (magnificent, stately)",,adjective,b2,ಭವ್ಯ / ವೈಭವದ,bhavya / vaibhavada
"grand (extensive, major scale)",,adjective,b2,ಬೃಹತ್ / ಮಹತ್ತರ,br̥hat / mahattara
grandfather (paternal),,noun,a1,ತಾತ,tāta
grandfather (maternal),,noun,a1,ಅಜ್ಜ,ajja
grandmother (paternal),,noun,a1,ಅಜ್ಜಿ,ajji
grandmother (maternal),,noun,a1,ಅಜ್ಜಿ,ajji
grandfather (paternal),,noun,a1,ತಾತ,tāta
grandmother (paternal),,noun,a1,ಅಜ್ಜಿ,ajji
grandfather (maternal),,noun,a1,ಅಜ್ಜ,ajja
grandmother (maternal),,noun,a1,ಅಜ್ಜಿ,ajji
grant,,noun,b2,ಅನುದಾನ,anudāna
to grant (formal permission or wish),transitive,verb,b2,ನೀಡು / ಮಂಜೂರು ಮಾಡು,nīḍu / maṁjūru māḍu
to grant (financial aid or funds),transitive,verb,b2,ಒದಗಿಸು / ಅನುದಾನ ನೀಡು,odagisu / anudāna nīḍu
graphics,,noun,b2,ಚಿತ್ರಣಗಳು / ಗ್ರಾಫಿಕ್ಸ್,citraṇagaḷu / grāphiks
grasp (physical hold),,noun,c1,ಹಿಡಿತ,hiḍita
grasp (understanding),,noun,c1,ಗ್ರಹಿಕೆ,grahike
"to grasp (physically, to seize)",transitive,verb,c1,ಹಿಡಿ,hiḍi
to grasp (firmly seize),transitive,verb,c1,ಗಟ್ಟಿಯಾಗಿ ಹಿಡಿ,gaṭṭiyāgi hiḍi
"to grasp (conceptually, to understand)",transitive,verb,c1,ಗ್ರಹಿಸು,grahisu
grass,,noun,a2,ಹುಲ್ಲು,hullu
grateful,,adjective,b1,ಕೃತಜ್ಞ,kr̥tajña
grave (burial site),,adjective,a2,ಸಮಾಧಿ / ಗೋರಿ,samādhi / gōri
grave,,noun,c1,ಗಂಭೀರ,gaṁbhīra
gravity (physical force),,noun,c1,ಗುರುತ್ವ / ಗುರುತ್ವಾಕರ್ಷಣೆ,gurutva / gurutvākarṣaṇe
gravity (seriousness),,noun,c1,ಗಾಂಭೀರ್ಯ,gāṁbhīrya
"great (excellent, wonderful)",,adjective,a1,ಅದ್ಭುತ,adbhuta
"great (general approval, good)",,adjective,a1,ಚೆನ್ನಾಗಿದೆ,cennāgide
"great (large, big)",,adjective,a1,ದೊಡ್ಡ,doḍḍa
unripe fruit (noun),,adjective,a1,ಕಾಯಿ,kāyi
"green (leafy vegetables, produce)",,noun,a1,ಸೊಪ್ಪು,soppu
produce (general greens),,noun,a1,ಹಸಿರು ತರಕಾರಿ,hasiru tarakāri
greenhouse,,noun,b2,ಹಸಿರುಮನೆ,hasirumane
"to greet (formally, respectfully)",transitive,verb,a2,ನಮಸ್ಕರಿಸು,namaskarisu
to greet (to welcome),transitive,verb,a2,ಸ್ವಾಗತಿಸು,svāgatisu
"to greet (casually, to say hi)",transitive,verb,a2,ನಮಸ್ಕಾರ ಹೇಳು,namaskāra hēḷu
grey (hair due to age),,noun,a2,ನರೆ,nare
grid (power system),,noun,c1,ವಿದ್ಯುತ್ ಜಾಲ,vidyut jāla
grief (sorrow),,noun,c1,ಶೋಕ,śōka
free,,adverb,a2,ಉಚಿತವಾಗಿ,ucitavāgi
individual,,noun,a2,ವ್ಯಕ್ತಿ,vyakti
injury,,noun,a2,ಗಾಯ,gāya
to ink (a contract),transitive,noun,b2,ಸಹಿ ಮಾಡು,sahi māḍu
"inner (emotional, spiritual)",,adjective,b2,ಆಂತರಿಕ,āṁtarika
input (contribution or feedback),,noun,b2,ಸಲಹೆ,salahe
input (feedback),,noun,b2,ಅಭಿಪ್ರಾಯ,abhiprāya
"inquiry (question, request for info)",,noun,b2,ವಿಚಾರಣೆ,vicāraṇe
"insect (formal, biological)",,noun,a2,ಕೀಟ,kīṭa
"to insert (data, text)",transitive,verb,b2,ಸೇರಿಸು,sērisu
"insertion (text, data)",,noun,c1,ಸೇರಿಸಿದ ಅಂಶ,sērisida aṁśa
inside,,adverb,a2,ಒಳಗೆ,oḷage
inside,,preposition,a2,ಒಳಗೆ,oḷage
judge,,noun,b1,ನ್ಯಾಯಾಧೀಶ,nyāyādhīśa
to judge (rule legally),transitive,verb,b1,ತೀರ್ಪು ನೀಡು,tīrpu nīḍu
judgement (legal ruling),,noun,b2,ತೀರ್ಪು,tīrpu
"judgement (discretion, ability)",,noun,b2,ವಿವೇಚನೆ,vivēcane
junction (railway station hub),,noun,c1,ಜಂಕ್ಷನ್,jaṁkṣan
just (only),,adjective,a2,ಕೇವಲ,kēvala
just (a moment ago),,adjective,b1,ಈಗ ತಾನೇ ಆದ,īga tānē āda
just (exactly),,adjective,b2,ನಿಖರವಾದ,nikharavāda
key,,adjective,a1,ಮುಖ್ಯವಾದ,mukhyavāda
kind,,noun,a1,ದಯಾಳು,dayāḷu
knock,,noun,b1,ತಟ್ಟು,taṭṭu
"impossible (intolerable, unreasonable)",,adjective,a2,ಅಸಾಧ್ಯ,asādhya
to increase (intransitive),intransitive,verb,a2,ಹೆಚ್ಚಾಗು,heccāgu
to increase (transitive),transitive,verb,a2,ಹೆಚ್ಚಿಸು,heccisu
to incur (anger or liability),transitive,verb,c1,ಹೊತ್ತುಕೊಳ್ಳು,hottukoḷḷu
"her (familiar, non-respectful)",,pronoun,a1,ಅವಳು,avaḷu
"her (respectful, formal)",,pronoun,a1,ಅವರು,avaru
"highway (major state, national road)",,noun,b2,ಹೆದ್ದಾರಿ,heddāri
"hill (large, mountain)",,noun,a2,ಬೆಟ್ಟ,beṭṭa
him (casual),,pronoun,a1,ಅವನನ್ನ,avananna
him (formal),,pronoun,a1,ಅವರನ್ನು,avarannu
"hint (trace, small amount)",,noun,c1,ಸುಳಿವು,suḷivu
"hint (trace of flavor, mood)",,noun,c1,ಲವಲೇಶ,lavalēśa
to hint (by non-verbal cue or insinuation),transitive,verb,c1,ಇಂಗಿತ ಕೊಡು,iṁgita koḍu
hire (rental cost or agreement),,noun,b2,ಬಾಡಿಗೆ,bāḍige
his (respectful),,determiner,a1,ಅವರ,avara
his (standard),,pronoun,a2,ಅವನದು,avanadu
his (respectful),,pronoun,a2,ಅವರದು,avaradu
"history (personal record, background)",,noun,a2,ಇತಿಹಾಸ,itihāsa
"to hold (a meeting, event)",transitive,verb,a2,ನಡೆಸು,naḍesu
hole (puncture or tear),,noun,a2,ತೂತು,tūtu
hole (pit or large depression),,noun,a2,ಗುಂಡಿ,guṁḍi
holiday (day off work or school),,noun,a1,ರಜೆ,raje
"holiday (vacation, extended trip)",,noun,a1,ಪ್ರವಾಸ,pravāsa
hollow (meaningless or vain),,adjective,b2,ನಿರರ್ಥಕ,nirarthaka
home,,adjective,a2,ಮನೆಯ,maneya
"home (direction, towards residence)",,adverb,a1,ಮನೆಗೆ,manege
to harm (to cause damage or loss),transitive,verb,b2,ಹಾನಿ ಮಾಡು,hāni māḍu
to harm (to injure or hurt someone),transitive,verb,b2,ಗಾಯ ಮಾಡು / ನೋವುಂಟು ಮಾಡು,gāya māḍu / nōvuṁṭu māḍu
harmful (dangerous),,adjective,b2,ಹಾನಿಕರ / ಅಪಾಯಕಾರಿ,hānikara / apāyakāri
harmony (social agreement),,noun,c1,ಸಾಮರಸ್ಯ / ಒಮ್ಮತ,sāmarasya / ommata
harmony (musical arrangement),,noun,c1,ಸ್ವರಮೇಳ / ಸಾಮರಸ್ಯ,svaramēḷa / sāmarasya
harsh (severe or strict),,adjective,c1,ಕಠಿಣ,kaṭhiṇa
harsh (rough or abrasive),,adjective,c1,ಒರಟು / ತೀಕ್ಷ್ಣ,oraṭu / tīkṣṇa
"harvest (result, consequence)",,noun,c1,ಫಲ / ಪ್ರತಿಫಲ,phala / pratiphala
to harvest (crops),transitive,verb,c1,ಕೊಯ್ಲು ಮಾಡು / ಕಟಾವು ಮಾಡು,koylu māḍu / kaṭāvu māḍu
to harvest (results or consequences),transitive,verb,c1,ಪಡಿ,paḍi
hat,,noun,a1,ಟೋಪಿ,ṭōpi
hate,,noun,b1,ದ್ವೇಷ,dvēṣa
to hate,transitive,verb,a1,ದ್ವೇಷಿಸು,dvēṣisu
"hatred (enmity, feud)",,noun,c1,ವೈರತ್ವ / ದ್ವೇಷ,vairatva / dvēṣa
"to haunt (of ghosts, spirits)",transitive,verb,c1,ಕಾಡು,kāḍu
"to haunt (of memories, feelings)",transitive,verb,c1,ಕಾಡಿಸು,kāḍisu
to have (possess),,verb,a1,ಇರು,iru
"to have (a meal, drink)",transitive,verb,a1,ತಿನ್ನು,tinnu
to have (a drink),transitive,verb,a1,ಕುಡಿ,kuḍi
to have (possession or existence),transitive,auxiliary verb,a2,ಇದೆ,ide
"to have (a meal, a discussion, or an experience)",transitive,auxiliary verb,a2,ಮಾಡು,māḍu
"to have (a bath, shower)",transitive,auxiliary verb,a2,ತಗೋ,tagō
have to,,modal verb,a1,ಬೇಕು,bēku
"he (respectful, formal)",,pronoun,a1,ಅವರು,avaru
head (body part),,noun,a1,ತಲೆ,tale
"head (leader, chief)",,noun,a1,ಮುಖ್ಯಸ್ಥ / ನಾಯಕ,"mukhyastha, nāyaka"
to head (to move towards a place),intransitive,verb,b1,ಸಾಗು,sāgu
to head (to lead or manage),transitive,verb,b1,ನಿರ್ವಹಿಸು / ಮುನ್ನಡೆಸು,"nirvahisu, munnaḍesu"
"headache (problem, nuisance)",,noun,b1,ಕಿರಿಕಿರಿ,kirikiri
headache (literal pain),,noun,a1,ತಲೆನೋವು,talenōvu
headline,,noun,b1,ಮುಖ್ಯ ಶೀರ್ಷಿಕೆ,mukhya śīrṣike
headquarters (central or main office),,noun,b2,ಕೇಂದ್ರ ಕಛೇರಿ / ಮುಖ್ಯ ಕಛೇರಿ,"kēṁdra kachēri, mukhya kachēri"
to heal (to recover oneself),intransitive,verb,b2,ಗುಣವಾಗು / ವಾಸಿಯಾಗು,"guṇavāgu, vāsiyāgu"
to heal (to cure),transitive,verb,b2,ವಾಸಿಯಾಗಿಸು,vāsiyāgisu
health,,noun,a1,ಆರೋಗ್ಯ,ārōgya
healthcare,,noun,b2,ಆರೋಗ್ಯ ಸೇವೆ,ārōgya sēve
"healthy (describing food, habits, environment)",,adjective,a1,ಆರೋಗ್ಯಕರ,ārōgyakara
to hear,,verb,a1,ಕೇಳು,kēḷu
hearing (ability to perceive sound),,noun,b2,ಶ್ರವಣ,śravaṇa
"hearing (formal inquiry, court proceeding)",,noun,b2,ವಿಚಾರಣೆ,vicāraṇe
heart (organ),,noun,a2,ಹೃದಯ,hr̥daya
"heart (emotions, spirit)",,noun,a2,ಹೃದಯ,hr̥daya
heat,,noun,a2,ಬಿಸಿ,bisi
to heat (transitive),transitive,verb,a2,ಬಿಸಿ ಮಾಡು,bisi māḍu
to heat (intransitive),intransitive,verb,a2,ಬಿಸಿಯಾಗು,bisiyāgu
heating (process of increasing temperature),,noun,b1,ಬಿಸಿ ಮಾಡುವಿಕೆ,bisi māḍuvike
heating (building climate control system),,noun,b1,ಬಿಸಿ ಮಾಡುವ ವ್ಯವಸ್ಥೆ,bisi māḍuva vyavasthe
"heaven (sky, firmament)",,noun,b2,ಆಕಾಶ,ākāśa
"hi ,  hey (casual greeting)",,exclamation,a1,ಹಾಯ್,hāy
"greetings ,  hello (respectful standard greeting)",,noun,a1,ನಮಸ್ಕಾರ,namaskāra
intellectual (adjective),,noun,c1,ಬುದ್ಧಿಜೀವಿ,buddhijīvi
lens (contact lens),,noun,b2,ಮಸೂರ,masūra
"lethal (extremely effective, destructive)",,adjective,c1,ಮಾರಕ,māraka
lethal (highly impactful),,adjective,c1,ಅತ್ಯಂತ ಪರಿಣಾಮಕಾರಿ,atyaṁta pariṇāmakāri
"letter (communication, mail)",,noun,a1,ಪತ್ರ,patra
letter (alphabetic character),,noun,a1,ಅಕ್ಷರ,akṣara
level (equal in rank or status),,adjective,b1,ಸಮ,sama
level,,noun,a2,ಮಟ್ಟ,maṭṭa
"to level (a surface, ground)",transitive,verb,b2,ಮಟ್ಟ ಮಾಡು,maṭṭa māḍu
"to level (an accusation, charge)",transitive,verb,b2,ಹೊರಿಸು,horisu
"to level (a building, city, destroy)",transitive,verb,b2,ನೆಲಸಮ ಮಾಡು,nelasama māḍu
liable (responsible for),,adjective,c1,ಹೊಣೆಗಾರ,hoṇegāra
liable (prone to),,adjective,c1,ಒಳಪಡುವ,oḷapaḍuva
liberal,,adjective,c1,ಉದಾರ,udāra
liberal (political),,adjective,c1,ಉದಾರವಾದಿ,udāravādi
liberal (political person),,noun,c1,ಉದಾರವಾದಿ,udāravādi
"liberal (adjective: generous, broad-minded)",,noun,c1,ಉದಾರತೆ,udārate
liberation (spiritual),,noun,c1,ಮೋಕ್ಷ / ಮುಕ್ತಿ,mōkṣa / mukti
liberation (political or general release),,noun,c1,ವಿಮೋಚನೆ,vimōcane
"liberty (permission, familiarity)",,noun,c1,ಸ್ವಾತಂತ್ರ್ಯ,svātaṁtrya
liberty (undue familiarity),,noun,c1,ಸಲುಗೆ,saluge
library (formal institution),,noun,a1,ಗ್ರಂಥಾಲಯ,graṁthālaya
library (casual usage),,noun,a1,ಲೈಬ್ರರಿ,laibrari
licence,,noun,b2,ಪರವಾನಿಗೆ,paravānige
to license,transitive,verb,c1,ಪರವಾನಿಗೆ ನೀಡು,paravānige nīḍu
lie,,noun,b1,ಸುಳ್ಳು,suḷḷu
"to lie (to rest, be horizontal)",intransitive,verb,a1,ಮಲಗು,malagu
to lie (to tell an untruth),intransitive,verb,a1,ಸುಳ್ಳು ಹೇಳು,suḷḷu hēḷu
to lie (tell a falsehood),intransitive,verb,b1,ಸುಳ್ಳು ಹೇಳು,suḷḷu hēḷu
to lie (recline),intransitive,verb,b1,ಮಲಗು,malagu
life (vitality or soul),,noun,a1,ಜೀವ,jīva
"life (existence, experience)",,noun,a1,ಜೀವನ,jīvana
lifelong,,adjective,c1,ಜೀವನಪರ್ಯಂತ,jīvanaparyaṁta
lifestyle,,noun,a2,ಜೀವನಶೈಲಿ,jīvanaśaili
lifetime,,noun,b2,ಜೀವಿತಾವಧಿ,jīvitāvadhi
lift (elevator),,noun,a2,ಲಿಫ್ಟ್,liphṭ
"lift (ride, transportation)",,noun,a2,ಲಿಫ್ಟ್,liphṭ
"to lift (a restriction, ban)",transitive,verb,a2,ತೆಗೆದುಹಾಕು / ರದ್ದುಮಾಡು,tegeduhāku / raddumāḍu
light (weight),,adjective,a1,ಹಗುರ,hagura
"light (color, shade)",,adjective,a1,ತಿಳಿ,tiḷi
"light (fixture, lamp)",,noun,a1,ದೀಪ / ಬಲ್ಬ್,dīpa / balb
"to light (a lamp, a fire)",transitive,verb,a2,ಹಚ್ಚು,haccu
to light (to illuminate),transitive,verb,a2,ಬೆಳಗು,beḷagu
lighting (quality or effect),,noun,b2,ಬೆಳಕು,beḷaku
lighting (fixtures and equipment),,noun,b2,ದೀಪದ ವ್ಯವಸ್ಥೆ / ಜ್ಯೋತಿ ವ್ಯವಸ್ಥೆ,dīpada vyavasthe / jyōti vyavasthe
like,,noun,b1,ರೀತಿ,rīti
to like,transitive,preposition,a1,ಇಷ್ಟಪಡು,iṣṭapaḍu
to like,transitive,verb,a1,ಇಷ್ಟಪಡು,iṣṭapaḍu
likelihood,,noun,c1,ಸಂಭವನೀಯತೆ,saṁbhavanīyate
likely (probably),,adjective,a2,ಸಂಭವನೀಯ,saṁbhavanīya
likewise (the same to you),,adverb,b2,ಹಾಗೆಯೇ / ಅದೇ ರೀತಿ,hāgeyē / adē rīti
limb (body part),,noun,c1,ಅವಯವ / ಕೈಕಾಲು,avayava / kaikālu
to line (up),,verb,b2,ಸಾಲುಮಾಡು / ಕ್ರಮವಾಗಿ ನಿಲ್ಲು,sālumāḍu / kramavāgi nillu
last,,noun,a2,ಕೊನೆ / ಕಡೆ,kone / kaḍe
late,,adverb,a1,ತಡವಾಗಿ,taḍavāgi
"lately (recently, standard, formal use)",,adverb,b2,ಇತ್ತೀಚೆಗೆ,ittīcege
"later (adverbial, shortly)",,adjective,a2,ಆಮೇಲೆ,āmēle
"later (adjective, subsequent)",,adjective,a2,ನಂತರದ,naṁtarada
later (at a subsequent time),,adverb,a1,ನಂತರ / ಆಮೇಲೆ,naṁtara / āmēle
"later (after that, then)",,adverb,a1,ನಂತರದಲ್ಲಿ,naṁtaradalli
latest,,noun,b2,ಹೊಸತು,hosatu
latter,,noun,c1,ಎರಡನೆಯದು,eraḍaneyadu
to make someone laugh,transitive,verb,a1,ನಗಿಸು,nagisu
layer (hen),,noun,b1,ಮೊಟ್ಟೆ ಕೋಳಿ,moṭṭe kōḷi
lead (the metal),,noun,b1,ಸೀಸ,sīsa
lead (leash),,noun,b1,ಕುತ್ತಿಗೆ ಪಟ್ಟಿ,kuttige paṭṭi
leave,,noun,b2,ರಜೆ,raje
"left (remaining, residual)",,adverb,a1,ಉಳಿದಿರು,uḷidiru
left,,noun,a1,ಎಡ,eḍa
it (proximal),,noun,b1,ಇದು,idu
"it (distal or general, abstract reference)",,noun,b1,ಅದು,adu
"it (general, that one)",,pronoun,a1,ಅದು,adu
"it (nearby, this one)",,pronoun,a1,ಇದು,idu
its,,determiner,a1,ಅದರ,adara
january,,noun,a1,ಜನವರಿ,janavari
jazz (music genre),,noun,a2,ಜಾಝ್ ಸಂಗೀತ / ಜಾಝ್,jājh saṁgīta / jājh
menu (computer options),,noun,a1,ಮೆನು / ಆಯ್ಕೆ ಪಟ್ಟಿ,menu / āyke paṭṭi
"to merge (companies, organizations)",,verb,c1,ವಿಲೀನಗೊಳಿಸು / ವಿಲೀನವಾಗು,vilīnagoḷisu / vilīnavāgu
merger,,noun,c1,ವಿಲೀನ,vilīna
metal,,noun,a2,ಲೋಹ,lōha
metaphor,,noun,b2,ರೂಪಕ,rūpaka
methodology,,noun,c1,ವಿಧಾನಶಾಸ್ತ್ರ,vidhānaśāstra
metre (unit of length),,noun,a1,ಮೀಟರ್,mīṭar
metre (measuring device),,noun,a1,ಮೀಟರ್,mīṭar
midnight,,noun,a1,ಮಧ್ಯರಾತ್ರಿ,madhyarātri
migration,,noun,c1,ವಲಸೆ,valase
mile,,noun,a1,ಮೈಲಿ,maili
milk,,noun,a1,ಹಾಲು,hālu
mine (excavation site),,noun,b1,ಗಣಿ,gaṇi
mine (referring to an object or neuter entity),,pronoun,a2,ನನ್ನದು,nannadu
to minimize,,verb,c1,ಕಡಿಮೆ ಮಾಡು,kaḍime māḍu
minimum,,noun,b2,ಕನಿಷ್ಠ / ಕನಿಷ್ಠ ಪ್ರಮಾಣ,kaniṣṭha / kaniṣṭha pramāṇa
loud,,adverb,a2,ಜೋರಾಗಿ,jōrāgi
low,,noun,b2,ಕನಿಷ್ಠ,kaniṣṭha
musical (relating to music),,noun,b1,ಸಂಗೀತ ನಾಟಕ,saṁgīta nāṭaka
"narrative (noun, account)",,adjective,b1,ಕಥನ / ನಿರೂಪಣೆ,kathana / nirūpaṇe
nationwide (adverb),,adjective,c1,ರಾಷ್ಟ್ರವ್ಯಾಪಿ,rāṣṭravyāpi
"native (of a person, language, relating to origin)",,adjective,b1,ಜನ್ಮದ / ಸ್ವಂತ,janmada / svaṁta
native,,noun,b1,ಮೂಲ ನಿವಾಸಿ,mūla nivāsi
little (small amount),,adverb,a2,ಸ್ವಲ್ಪ,svalpa
"little (quantity, amount)",,pronoun,a1,ಸ್ವಲ್ಪ,svalpa
little (size),,pronoun,a1,ಚಿಕ್ಕದು,cikkadu
local (person),,noun,b1,ಸ್ಥಳೀಯ ವ್ಯಕ್ತಿ,sthaḷīya vyakti
"to locate (to place, situate)",transitive,verb,b2,ಸ್ಥಾಪಿಸು,sthāpisu
to log (access a computer system),intransitive,verb,c1,ಲಾಗ್ ಇನ್ ಮಾಡು,lāg in māḍu
lonely (remote place),,adjective,b1,ನಿರ್ಜನವಾದ,nirjanavāda
long,,adverb,a1,ಬಹಳ ಹೊತ್ತು,bahaḷa hottu
long-term (adjective: relating to a policy or goal),,adverb,b2,ದೀರ್ಘಾವಧಿಯ,dīrghāvadhiya
look (gaze),,noun,a2,ನೋಟ,nōṭa
loose (not fixed),,adjective,b2,ಸಡಿಲ,saḍila
loose (clothing),,adjective,b1,ಸಡಿಲವಾದ,saḍilavāda
loose (scattered),,adjective,b2,ಬೀಡಿ,bīḍi
lorry,,noun,a2,ಲಾರಿ,lāri
lot (adverbial degree),,adverb,a1,ತುಂಬಾ,tuṁbā
lot (quantifier),,adverb,a1,ತುಂಬಾ,tuṁbā
lot (a large amount),,determiner,a1,ಹೆಚ್ಚಿನ,heccina
"lot (many, much)",,determiner,a2,ಹೆಚ್ಚಿನ,heccina
nor,,adverb,b1,ಸಹ ಇಲ್ಲ,saha illa
north (direction),,adjective,a1,ಉತ್ತರದ,uttarada
north,,noun,a1,ಉತ್ತರ,uttara
novel,,adjective,c1,ನವೀನ,navīna
nowhere (indicating lack of progress),,adverb,a2,ಎಲ್ಲೂ ಇಲ್ಲ,ellū illa
"nuclear (atomic energy, weapons)",,adjective,b1,ಅಣು,aṇu
number (telephone),,noun,a1,ಸಂಖ್ಯೆ,saṁkhye
"nut (edible seed, fruit)",,noun,a2,ಬೀಜ,bīja
to obey (a person or instruction),transitive,verb,b2,ಮಾತು ಕೇಳು / ಪಾಲಿಸು,mātu kēḷu / pālisu
"objection (formal, procedural)",,noun,c1,ಆಕ್ಷೇಪ,ākṣēpa
"objection (difficulty, reservation)",,noun,c1,ತಕರಾರು / ಆಕ್ಷೇಪ,takarāru / ākṣēpa
"obligation (duty, moral necessity)",,noun,b2,ಕರ್ತವ್ಯ / ಜವಾಬ್ದಾರಿ,kartavya / javābdāri
"obligation (responsibility, liability)",,noun,b2,ಬಾಧ್ಯತೆ / ಋಣ,bādhyate / r̥ṇa
to oblige (to require legally or morally),transitive,verb,c1,ನಿರ್ಬಂಧಿಸು,nirbaṁdhisu
"observation (act of watching, studying)",,noun,b2,ವೀಕ್ಷಣೆ,vīkṣaṇe
"observation (remark, comment)",,noun,b2,ಅಭಿಪ್ರಾಯ / ಟಿಪ್ಪಣಿ,abhiprāya / ṭippaṇi
to observe (rules or laws),transitive,verb,b2,ಪಾಲಿಸು,pālisu
to observe (a festival or ceremony),transitive,verb,b2,ಆಚರಿಸು,ācarisu
observer (official representative),,noun,b2,ವೀಕ್ಷಕ,vīkṣaka
"to obsess (excessive, worrying preoccupation)",intransitive,verb,c1,ಗೀಳು ಹಚ್ಚಿಕೊ,gīḷu hacciko
"to obsess (to focus intensely, be fixated)",intransitive,verb,c1,ತಲ್ಲೀನನಾಗು,tallīnanāgu
obsession (fixation or compulsion),,noun,c1,ಗೀಳು,gīḷu
obsession (intense enthusiasm or passion),,noun,c1,ತೀವ್ರ ಆಸಕ್ತಿ / ಕಡುಮೋಹ,tīvra āsakti / kaḍumōha
obstacle (structural barrier),,noun,b2,ಅಡತಡೆ / ತಡೆ,aḍataḍe / taḍe
to obtain (by effort or achievement),transitive,verb,b2,ಗಳಿಸು / ಪಡೆ,gaḷisu / paḍe
obviously (self-evidently),,adverb,b1,ಸ್ಪಷ್ಟವಾಗಿ / ಸಹಜವಾಗಿ,spaṣṭavāgi / sahajavāgi
occasion (event or specific time),,noun,b1,ಸಂದರ್ಭ,saṁdarbha
occasion (cause or reason),,noun,b1,ಕಾರಣ,kāraṇa
occasional (infrequent occurrence),,adjective,c1,ಆಗಾಗ ಬರುವ,āgāga baruva
occasionally (formally),,adverb,b2,ಆಗಾಗ,āgāga
"occasionally (formally, context-dependent)",,adverb,c1,ಸಂದರ್ಭಾನುಸಾರವಾಗಿ,saṁdarbhānusāravāgi
overseas (adjective),,adverb,b2,ವಿದೇಶಿ,vidēśi
oxygen (common loanword),,noun,b2,ಆಕ್ಸಿಜನ್,āksijan
"parking lot ,  park (area for vehicles)",,noun,a1,ವಾಹನ ನಿಲುಗಡೆ ಪ್ರದೇಶ,vāhana nilugaḍe pradēśa
party (political organization),,noun,a1,ಪಕ್ಷ,pakṣa
passenger,,noun,a2,ಪ್ರಯಾಣಿಕ,prayāṇika
passive (grammar),,adjective,c1,ಕರ್ಮಣಿ,karmaṇi
pastor,,noun,c1,ಪಾಸ್ಟರ್ / ಪಾದ್ರಿ,pāsṭar / pādri
patch (software fix),,noun,c1,ಪ್ಯಾಚ್ / ತಿದ್ದುಪಡಿ,pyāc / tiddupaḍi
patient (person receiving medical care),,adjective,b1,ತಾಳ್ಮೆಯುಳ್ಳ,tāḷmeyuḷḷa
to pay,,verb,a1,ಕೊಡು,koḍu
permit,,noun,b2,ಪರವಾನಗಿ,paravānagi
pet (favorite person or project),,noun,b1,ನೆಚ್ಚಿನ,neccina
phase (cyclical state),,noun,b2,ಹಂತ,haṁta
"philosopher (knower of the fundamental truth, essence)",,noun,c1,ತತ್ವಜ್ಞಾನಿ,tatvajñāni
photograph (image),,noun,a1,ಛಾಯಾಚಿತ್ರ,chāyācitra
"doctor (formal, traditional)",,noun,b1,ವೈದ್ಯ,vaidya
to pick (to harvest),,verb,a2,ಕೊಯ್ಯು,koyyu
to picture (to depict),,verb,b2,ತೋರಿಸು,tōrisu
to pin (assign responsibility),transitive,verb,b2,ಹೊಣೆ ಹೊರಿಸು,hoṇe horisu
pink (adjective),,noun,a1,ಗುಲಾಬಿ,gulābi
plan (diagram),,noun,a1,ನಕ್ಷೆ,nakṣe
neither... nor...,,pronoun,a2,ಇದೂ ಇಲ್ಲ / ಅದೂ ಇಲ್ಲ,"idū illa, adū illa"
"neither (agreement ,  negative reply)",,pronoun,b1,ನಾನೂ ಇಲ್ಲ,nānū illa
nerve (anatomical structure),,noun,b2,ನರ,nara
nervous (anatomical),,adjective,b1,ನರಗಳ,naragaḷa
net (final amount after deductions),,noun,b1,ನಿವ್ವಳ,nivvaḷa
"neutral (science, chemistry)",,adjective,b2,ತಟಸ್ಥ,taṭastha
nine,,number,a1,ಒಂಬತ್ತು,oṁbattu
nineteen,,number,a1,ಹತ್ತೊಂಬತ್ತು,hattoṁbattu
ninety,,number,a1,ತೊಂಬತ್ತು,toṁbattu
no (response),,determiner,a1,ಇಲ್ಲ,illa
"no (refusal, don't want)",,determiner,a1,ಬೇಡ,bēḍa
"no (general denial, absence)",,exclamation,a1,ಇಲ್ಲ,illa
"no (refusal, don't want)",,exclamation,a1,ಬೇಡ,bēḍa
"non-profit (organization, noun)",,adjective,c1,ಲಾಭರಹಿತ,lābharahita
outside (attributive),,adjective,a2,ಹೊರಗಿನ,horagina
plot (storyline),,noun,b1,ಕಥಾವಸ್ತು,kathāvastu
plot (secret scheme),,noun,b1,ಸಂಚು,saṁcu
to plot (coordinates),transitive,verb,b2,ಗುರುತು ಮಾಡು,gurutu māḍu
to plot (a story),transitive,verb,b2,ಕಥೆ ಹೆಣೆ,kathe heṇe
plug (electrical connector),,noun,c1,ಪ್ಲಗ್,plag
plug (stopper),,noun,c1,ಮುಚ್ಚಳ,muccaḷa
plug (advertisement),,noun,c1,ಪ್ರಚಾರ,pracāra
to plug (into a socket),transitive,verb,c1,ಪ್ಲಗ್ ಹಾಕು,plag hāku
"to plug (a hole, leak)",transitive,verb,c1,ಮುಚ್ಚು,muccu
to plunge (into water or depths),intransitive,verb,c1,ಧುಮುಕು,dhumuku
"to plunge (to fall sharply, e.g., prices)",intransitive,verb,c1,ಕುಸಿ,kusi
"plus (advantage, benefit)",,adjective,b2,ಅನುಕೂಲ,anukūla
plus (in addition to),,adjective,b2,ಮತ್ತು / ಅದಲ್ಲದೆ,mattu / adallade
plus (furthermore; in addition),,conjunction,b2,ಜೊತೆಗೆ / ಮತ್ತೂ,jotege / mattū
plus (mathematical addition),,conjunction,b2,ಮತ್ತು,mattu
plus (advantage),,noun,b2,ಲಾಭ / ಅನುಕೂಲ,lābha / anukūla
plus (mathematical addition),,preposition,b1,ಸೇರಿಸಿ / ಪ್ಲಸ್,sērisi / plas
"plus (furthermore, in addition)",,preposition,b1,ಇದಲ್ಲದೆ / ಜೊತೆಗೆ,idallade / jotege
to pocket,transitive,noun,a2,ಜೇಬು,jēbu
"poem (classical verse, rhyme)",,noun,b1,ಪದ್ಯ / ಕಾವ್ಯ,padya / kāvya
poet (female),,noun,b1,ಕವಯಿತ್ರಿ,kavayitri
poem (an individual piece),,noun,b1,ಕವನ,kavana
point (tip),,noun,a1,ತುದಿ / ಮೊನೆ,tudi / mone
point (idea),,noun,a1,ವಿಷಯ / ಅಂಶ,viṣaya / aṁśa
point (score),,noun,a1,ಅಂಕ,aṁka
to point (direction),transitive,verb,b1,ತೋರಿಸು,tōrisu
to point (suggest or indicate abstractly),intransitive,verb,b1,ಸೂಚಿಸು,sūcisu
pointed (having a sharp end),,adjective,b2,ಚೂಪಾದ / ಮೊನಚಾದ,cūpāda / monacāda
"pointed (direct or critical, e.g., remark)",,adjective,b2,ತೀಕ್ಷ್ಣ,tīkṣṇa
poison,,noun,b1,ವಿಷ,viṣa
"to poison (to corrupt, influence negatively)",transitive,verb,b1,ವಿಷ ಕೊಡು,viṣa koḍu
poisonous,,adjective,b1,ವಿಷಕಾರಿ,viṣakāri
pole (geographic or magnetic),,noun,c1,ಧ್ರುವ,dhruva
"police (official term for officer, force)",,noun,a2,ಆರಕ್ಷಕ,ārakṣaka
"police force, department",,noun,a2,ಆರಕ್ಷಕ ದಳ,ārakṣaka daḷa
policeman (formal designation),,noun,a1,ಆರಕ್ಷಕ,ārakṣaka
policy (principle),,noun,b1,ನೀತಿ,nīti
policy (insurance),,noun,b1,ಪಾಲಿಸಿ / ವಿಮಾ ಪತ್ರ,pālisi / vimā patra
polite (courteous),,adjective,a2,ವಿನಯದ,vinayada
political,,adjective,b1,ರಾಜಕೀಯ,rājakīya
politician,,noun,b1,ರಾಜಕಾರಣಿ,rājakāraṇi
politics,,noun,b1,ರಾಜಕೀಯ,rājakīya
poll (opinion survey),,noun,c1,ಸಮೀಕ್ಷೆ,samīkṣe
poll (election vote),,noun,c1,ಮತದಾನ,matadāna
pollution,,noun,a2,ಮಾಲಿನ್ಯ,mālinya
pond,,noun,c1,ಕೊಳ,koḷa
pool (swimming facility),,noun,a1,ಈಜುಕೊಳ,ījukoḷa
pool (small body of water),,noun,a1,ಕೊಳ / ಚಿಕ್ಕ ಕೆರೆ,koḷa / cikka kere
poor (lacking money),,adjective,a1,ಬಡ,baḍa
poor (low quality),,adjective,a1,ಕಳಪೆ / ಕೆಟ್ಟ,kaḷape / keṭṭa
pop,,adjective,a2,ಪಾಪ್,pāp
to pop (to burst or rupture something),intransitive,verb,c1,ಸಿಡಿ,siḍi
to pop (to rupture something),transitive,verb,c1,ಸಿಡಿಸು,siḍisu
on (in operation),,preposition,a1,ಮೇಲೆ,mēle
pretty,,adverb,a1,ಸಾಕಷ್ಟು,sākaṣṭu
printing (3D fabrication process),,noun,b1,ಮುದ್ರಣ,mudraṇa
purely,,adverb,b2,ಸಂಪೂರ್ಣವಾಗಿ,saṁpūrṇavāgi
programme (computer),,noun,a2,ಕಾರ್ಯಕ್ರಮ,kāryakrama
"progressive (gradual, continuing)",,adjective,b2,ಪ್ರಗತಿಪರ,pragatipara
protrusion,,noun,c1,ಮುಂಚಾಚಿದ ಭಾಗ,muṁcācida bhāga
"famous, well-known",,adjective,c1,ಹೆಸರಾಂತ,hesarāṁta
potential (likelihood of success),,noun,a2,ಸಾಧಕತೆ,sādhakate
to propose (colloquial),,verb,b2,ಪ್ರಪೋಸ್ ಮಾಡು,prapōs māḍu
bar,,noun,a2,ಬಾರ್,bār
realistic (true to life),,adjective,b2,ವಾಸ್ತವಿಕ,vāstavika
"to rebuild (confidence, life)",transitive,verb,b2,ಪುನಃ ಕಟ್ಟಿಕೊ,punaḥ kaṭṭiko
relative (family member),,adjective,b1,ಸಂಬಂಧದ,saṁbaṁdhada
relative,,noun,b1,ಸಂಬಂಧಿ / ಬಂಧು,saṁbaṁdhi / baṁdhu
duty,,noun,b1,ಕರ್ತವ್ಯ / ಧರ್ಮ,kartavya / dharma
remark,,noun,b2,ಟಿಪ್ಪಣಿ,ṭippaṇi
salad,,noun,a1,ಸಲಾಡ್,salāḍ
sandwich,,noun,a1,ಸ್ಯಾಂಡ್ವಿಚ್,syāṁḍvic
saturday,,noun,a1,ಶನಿವಾರ,śanivāra
sauce,,noun,a2,ಸಾಸ್,sās
ring (circular shape),,noun,a2,ಉಂಗುರ,uṁgura
to risk,transitive,noun,b1,ಅಪಾಯ,apāya
rival,,noun,b2,ಪೈಪೋಟಿಯ,paipōṭiya
roughly (approximately),,adverb,b2,ಸರಿಸುಮಾರು / ಅಂದಾಜಿನಲ್ಲಿ,sarisumāru / aṁdājinalli
round,,preposition,a2,ಸುತ್ತ,sutta
routine (noun),,adjective,b2,ವಾಡಿಕೆಯ,vāḍikeya
reverse (a defeat or setback),,adjective,c1,ಹಿನ್ನಡೆ,hinnaḍe
reverse (back side),,noun,c1,ಹಿಂದಿನ ಭಾಗ / ಮರುಭಾಗ,hiṁdina bhāga / marubhāga
reverse (gear),,noun,c1,ರೆವರ್ಸು / ಹಿಂದಕ್ಕೆ ಚಲಿಸುವ ಗೇರ್,revarsu / hiṁdakke calisuva gēr
to reverse (a vehicle),transitive,verb,c1,ರೆವರ್ಸು ಮಾಡು,revarsu māḍu
to reverse (a ruling or decision),transitive,verb,c1,ರದ್ದುಮಾಡು / ತಿರುಗಿ ಹಾಕು,raddumāḍu / tirugi hāku
review (critique),,noun,a2,ವಿಮರ್ಶೆ,vimarśe
"review (inspection, examination)",,noun,a2,ಪರಿಶೀಲನೆ / ಪುನರಾವಲೋಕನ,pariśīlane / punarāvalōkana
to review (re-examine or check),transitive,verb,a2,ಪರಿಶೀಲಿಸು / ಪುನರಾವಲೋಕಿಸು,pariśīlisu / punarāvalōkisu
"to review (a movie, book, or product)",transitive,verb,a2,ವಿಮರ್ಶಿಸು,vimarśisu
to revise (amend or formal change),transitive,verb,b2,ತಿದ್ದಿಸು / ಸುಧಾರಿಸು,tiddisu / sudhārisu
revision (academic study),,noun,b2,ಪುನರಾವೃತ್ತಿ,punarāvr̥tti
revision (document amendment),,noun,b2,ಸುಧಾರಣೆ / ತಿದ್ದುಪಡಿ,sudhāraṇe / tiddupaḍi
sceptical,,adjective,c1,ಸಂದೇಹವಿರುವ / ಸಂಶಯಾತ್ಮಕ,saṁdēhaviruva / saṁśayātmaka
to schedule (an event or activity),transitive,noun,a2,ಸಮಯ ನಿಗದಿಪಡಿಸು,samaya nigadipaḍisu
to schedule (to fix a specific time or appointment),transitive,verb,b2,ದಿನಾಂಕ / ಸಮಯ ನಿಗದಿಪಡಿಸು,dināṁka / samaya nigadipaḍisu
to schedule (to plan an agenda or timetable),transitive,verb,b2,ವೇಳಾಪಟ್ಟಿ ತಯಾರಿಸು,vēḷāpaṭṭi tayārisu
"scheme (plan, program)",,noun,b2,ಯೋಜನೆ,yōjane
scheme (plot),,noun,b2,ಪಿತೂರಿ / ಕುತಂತ್ರ,pitūri / kutaṁtra
scholar (academic),,noun,b2,ವಿದ್ವಾಂಸ,vidvāṁsa
scholar (scholarship recipient),,noun,b2,ವಿದ್ಯಾರ್ಥಿವೇತನ ಪಡೆದ ವಿದ್ಯಾರ್ಥಿ,vidyārthivētana paḍeda vidyārthi
scholarship (financial aid),,noun,b2,ವಿದ್ಯಾರ್ಥಿವೇತನ,vidyārthivētana
scholarship (academic learning),,noun,b2,ಪಾಂಡಿತ್ಯ,pāṁḍitya
school,,noun,a1,ಶಾಲೆ,śāle
science,,noun,a1,ವಿಜ್ಞಾನ,vijñāna
scientific,,adjective,b1,ವೈಜ್ಞಾನಿಕ,vaijñānika
scientist,,noun,a1,ವಿಜ್ಞಾನಿ,vijñāni
scope (extent or range),,noun,c1,ವ್ಯಾಪ್ತಿ / ಪರಿಧಿ,vyāpti / paridhi
scope (opportunity or potential),,noun,c1,ಅವಕಾಶ,avakāśa
score,,noun,a2,ಅಂಕ,aṁka
to score (to mark or cut),transitive,verb,b1,ಗೆರೆ ಹಾಕು,gere hāku
scratch (starting point),,noun,b2,ಮೊದಲ ಹಂತ,modala haṁta
starting from scratch,,noun,b2,ಮೊದಲಿನಿಂದಲೇ ಶುರುಮಾಡು,modaliniṁdalē śurumāḍu
"to scratch (skin, due to itch)",transitive,verb,b2,ಕೆರೆ,kere
"to scratch (a surface, to mark, damage)",transitive,verb,b2,ಗೀರು,gīru
scream,,noun,b2,ಕಿರಿಚಾಟ / ಕೂಗು,kiricāṭa / kūgu
to scream (to shout loudly),intransitive,verb,b2,ಕಿರಿಚು / ಕೂಗು,kiricu / kūgu
"screen (mesh, filter)",,noun,b1,ಜಾಲರಿ,jālari
screen (display),,noun,b1,ಪರದೆ / ಸ್ಕ್ರೀನ್,parade / skrīn
to screen (a movie or performance),transitive,verb,b2,ಪ್ರದರ್ಶಿಸು,pradarśisu
to screen (applicants or diseases),transitive,verb,b2,ಪರಿಶೀಲಿಸು / ಪರೀಕ್ಷಿಸು,pariśīlisu / parīkṣisu
to screen (a phone call),transitive,verb,b2,ಪರಿಶೀಲಿಸು,pariśīlisu
screening (medical examination or vetting),,noun,b2,ಪರಿಶೀಲನೆ / ತಪಾಸಣೆ,pariśīlane / tapāsaṇe
screening (film showing),,noun,b2,ಪ್ರದರ್ಶನ,pradarśana
screw (fastener),,noun,c1,ಸ್ಕ್ರೂ / ತಿರುಪು ಮೊಳೆ,skrū / tirupu moḷe
"screw (vulgar, sexual act)",,noun,c1,ಲೈಂಗಿಕ ಕ್ರಿಯೆ,laiṁgika kriye
to screw (fasten),transitive,verb,c1,ಸ್ಕ್ರೂ ಹಾಕು,skrū hāku
"to screw (cheat, exploit)",transitive,verb,c1,ಮೋಸ ಮಾಡು,mōsa māḍu
to screw up (make a mistake),,verb,c1,ಹಾಳು ಮಾಡು,hāḷu māḍu
to screw (vulgar),,verb,c1,ಕೆಯ್ಯಿ,keyyi
"script (writing system, alphabet)",,noun,b1,ಲಿಪಿ,lipi
"script (screenplay, dialogue)",,noun,b1,ಚಿತ್ರಕಥೆ,citrakathe
second (unit of time),,adverb,a2,ಸೆಕೆಂಡ್,sekeṁḍ
second (unit of time),,ordinal number,a1,ಸೆಕೆಂಡ್,sekeṁḍ
"secretary (official, society head)",,noun,a2,ಕಾರ್ಯದರ್ಶಿ,kāryadarśi
"sector (economic, industry)",,noun,b2,ವಲಯ / ಕ್ಷೇತ್ರ,valaya / kṣētra
"secular (political, neutral)",,adjective,c1,ಜಾತ್ಯತೀತ,jātyatīta
seldom,,adverb,c1,ಅಪರೂಪವಾಗಿ,aparūpavāgi
selection (range offered),,noun,b2,ವೈವಿಧ್ಯ,vaividhya
senator,,noun,c1,ಸೆನೆಟರ್,seneṭar
shift (work period),,noun,b1,ಪಾಳಿ / ಶಿಫ್ಟ್,pāḷi / śiphṭ
ship,,noun,a2,ಹಡಗು,haḍagu
"to ship (fandom, relationships)",transitive,verb,b2,ಶಿಪ್ ಮಾಡು,śip māḍu
shirt,,noun,a1,ಅಂಗಿ,aṁgi
shock (medical condition),,noun,b2,ಆಘಾತ,āghāta
shock (electric),,noun,b2,ವಿದ್ಯುತ್ ಆಘಾತ,vidyut āghāta
"sandal ,  slipper (open footwear)",,noun,a1,ಚಪ್ಪಲಿ,cappali
to shoot (score a goal),transitive,verb,b1,ಹೊಡೆ,hoḍe
"shooting (filming, photography session)",,noun,b2,ಚಿತ್ರೀಕರಣ / ಶೂಟಿಂಗ್,citrīkaraṇa / śūṭiṁg
shop,,noun,a1,ಅಂಗಡಿ,aṁgaḍi
shopping,,noun,a1,ಶಾಪಿಂಗ್ / ಖರೀದಿ,śāpiṁg / kharīdi
short (in height),,adjective,a1,ಕುಳ್ಳ / ಗಿಡ್ಡ,kuḷḷa / giḍḍa
short-term,,adjective,b2,ಅಲ್ಪಾವಧಿ,alpāvadhi
"shortage (scarcity, formal)",,noun,b2,ಕೊರತೆ / ಅಭಾವ,korate / abhāva
shortly,,adverb,b2,ಸ್ವಲ್ಪ ಸಮಯದಲ್ಲೇ / ಬೇಗನೆ,svalpa samayadallē / bēgane
shot (medical injection),,noun,b2,ಸೂಜಿಮದ್ದು / ಇಂಜೆಕ್ಷನ್,sūjimaddu / iṁjekṣan
shot (photograph or film sequence),,noun,b2,ದೃಶ್ಯ / ಛಾಯಾಚಿತ್ರ,dr̥śya / chāyācitra
shot (attempt or chance),,noun,b2,ಪ್ರಯತ್ನ / ಅವಕಾಶ,prayatna / avakāśa
should (expectation),,modal verb,a2,ಇರಬಹುದು,irabahudu
shoulder (of a road),,noun,a2,ರಸ್ತೆಯ ಅಂಚು / ಬದಿ,rasteya aṁcu / badi
shout,,noun,a2,ಕೂಗು,kūgu
to scream,intransitive,verb,a2,ಕಿರುಚು,kirucu
show,,noun,a1,ಪ್ರದರ್ಶನ,pradarśana
to show,transitive,verb,a1,ತೋರಿಸು,tōrisu
shower (washing oneself),,noun,a1,ಶವರ್ ಸ್ನಾನ,śavar snāna
shower (rain),,noun,a1,ಮಳೆ,maḷe
rain shower,,noun,a1,ಸಣ್ಣ ಮಳೆ,saṇṇa maḷe
to shrink (in size or volume),intransitive,verb,c1,ಸಂಕೋಚಿಸು,saṁkōcisu
to shrink (from fear or responsibility),intransitive,verb,c1,ಹಿಂಜರಿ,hiṁjari
to shrug off (to dismiss),transitive,verb,c1,ನಿರ್ಲಕ್ಷಿಸು,nirlakṣisu
"to shut (something, close)",transitive,adjective,a2,ಮುಚ್ಚು,muccu
"to shut (shop, close down)",intransitive,adjective,a2,ಮುಚ್ಚು,muccu
shut (closed state),,adjective,a2,ಮುಚ್ಚಿದ,muccida
to shut,,verb,a2,ಮುಚ್ಚು,muccu
shy,,adjective,b1,ನಾಚಿಕೆ ಸ್ವಭಾವದ,nācike svabhāvada
sibling (older brother),,noun,b2,ಅಣ್ಣ,aṇṇa
sibling (younger brother),,noun,b2,ತಮ್ಮ,tamma
sibling (older sister),,noun,b2,ಅಕ್ಕ,akka
sibling (younger sister),,noun,b2,ತಂಗಿ,taṁgi
sick (ill),,adjective,a1,ಹುಷಾರಿಲ್ಲದ,huṣārillada
sick (nauseous),,adjective,a1,ವಾಕರಿಕೆಯಿಂದ ಕೂಡಿರುವ,vākarikeyiṁda kūḍiruva
side (faction or team),,noun,a2,ಪಕ್ಷ,pakṣa
sigh,,noun,c1,ನಿಟ್ಟುಸಿರು,niṭṭusiru
to sigh,intransitive,verb,c1,ನಿಟ್ಟುಸಿರು ಬಿಡು,niṭṭusiru biḍu
sight (ability to see),,noun,b1,ದೃಷ್ಟಿ,dr̥ṣṭi
sight (view or spectacle),,noun,b1,ದೃಶ್ಯ,dr̥śya
sign (board or indicator),,noun,a2,ಸೂಚನಾ ಫಲಕ,sūcanā phalaka
sign (symbol),,noun,a2,ಚಿಹ್ನೆ,cihne
sign (indication or symptom),,noun,a2,ಸೂಚನೆ,sūcane
sign (symptom),,noun,a2,ಲಕ್ಷಣ,lakṣaṇa
to sign (a document),transitive,verb,a2,ಸಹಿ ಮಾಡು,sahi māḍu
to sign (make a gesture),,verb,a2,ಸನ್ನೆ ಮಾಡು,sanne māḍu
signal (electronic transmission),,noun,b1,ಸಂಕೇತ,saṁkēta
to signal (to make a gesture),transitive,verb,b1,ಸಂಕೇತಿಸು,saṁkētisu
to signal (to indicate or imply),transitive,verb,b1,ಸೂಚಿಸು,sūcisu
signature (on official documents),,noun,b2,ಸಹಿ,sahi
"signature (formal, legal)",,noun,b2,ದಸ್ತಖತ್ತು,dastakhattu
significance,,noun,b2,ಮಹತ್ವ,mahatva
significance (meaning),,noun,b2,ಅರ್ಥ,artha
significant (meaningful or indicative),,adjective,b2,ಅರ್ಥಪೂರ್ಣ,arthapūrṇa
significant (important),,adjective,b2,ಪ್ರಮುಖ,pramukha
"significantly (to a great extent, noteworthy amount)",,adverb,b2,ಗಣನೀಯವಾಗಿ,gaṇanīyavāgi
"significantly (importantly, critically)",,adverb,b2,ಮುಖ್ಯವಾಗಿ,mukhyavāgi
silence (refusal to speak or comment),,noun,b2,ಮೌನ,mauna
silence (act of keeping quiet),,noun,b2,ಮಾತನಾಡದಿರುವಿಕೆ,mātanāḍadiruvike
sister (older),,noun,a1,ಅಕ್ಕ,akka
sister (younger),,noun,a1,ತಂಗಿ,taṁgi
six,,number,a1,ಆರು,āru
sixteen,,number,a1,ಹದಿನಾರು,hadināru
sixty,,number,a1,ಅರವತ್ತು,aravattu
size (clothing standard),,noun,a2,ಸೈಜು,saiju
sketch (short comedic performance),,noun,c1,ಕಿರುನಾಟಕ / ಹಾಸ್ಯ ಪ್ರಸಂಗ,kirunāṭaka / hāsya prasaṁga
ski,,adjective,a2,ಸ್ಕೀ,skī
ski,,noun,a2,ಸ್ಕೀ,skī
to ski,intransitive,verb,a2,ಸ್ಕೀ ಮಾಡು,skī māḍu
skiing,,noun,a2,ಸ್ಕೀ ಕ್ರೀಡೆ,skī krīḍe
"skin (of fruit, vegetable, peel)",,noun,a2,ಸಿಪ್ಪೆ,sippe
to skip rope,intransitive,verb,c1,ಹಗ್ಗ ಜಿಗಿ,hagga jigi
skull,,noun,b2,ತಲೆಬುರುಡೆ,taleburuḍe
slavery,,noun,c1,ಗುಲಾಮಗಿರಿ / ದಾಸ್ಯ,gulāmagiri / dāsya
"slice (share, portion)",,noun,b1,ಪಾಲು / ಭಾಗ,pālu / bhāga
slide (playground equipment),,noun,b2,ಜಾರುಬಂಡಿ,jārubaṁḍi
"to slide (move smoothly, slip)",intransitive,verb,b2,ಜಾರು,jāru
to slide (move something across a surface),transitive,verb,b2,ಜಾರಿಸು,jārisu
"to smile ,  to laugh",intransitive,verb,a2,ನಗು,nagu
to smoke,transitive,noun,a2,ಸೇದು,sēdu
"soft (gentle, quiet)",,adjective,a2,ಮೃದುವಾದ / ಸೌಮ್ಯವಾದ,mr̥duvāda / saumyavāda
solid,,noun,b1,ಘನ,ghana
some,,determiner,a1,ಕೆಲವು / ಸ್ವಲ್ಪ,kelavu / svalpa
sometime (former or erstwhile),,adverb,b2,ಹಿಂದಿನ,hiṁdina
somewhere,,adverb,a2,ಎಲ್ಲೋ,ellō
somewhere,,pronoun,a2,ಎಲ್ಲಾದರೂ,ellādarū
soon,,adverb,a1,ಬೇಗನೆ,bēgane
"specialist (person, expert)",,adjective,b2,ವಿಶೇಷಜ್ಞರಾದ,viśēṣajñarāda
speech,,noun,a2,ಮಾತು,mātu
to speed,intransitive,noun,a2,ವೇಗ,vēga
to spell,transitive,verb,a1,ಅಕ್ಷರ ಜೋಡಿಸು,akṣara jōḍisu
"split (division, schism)",,noun,b2,ಒಡಕು,oḍaku
"to split (physically, to cleave)",transitive,verb,b2,ಸೀಳು,sīḷu
to split (to divide resources or share),transitive,verb,b2,ಹಂಚು,haṁcu
to spoil (to ruin or damage something),transitive,verb,b2,ಹಾಳುಮಾಡು,hāḷumāḍu
to spoil (to pamper a person),transitive,verb,b2,ಮುದ್ದಿಸು,muddisu
"spoken (said, uttered)",,adjective,b1,ಹೇಳಿದ,hēḷida
spoken (conversational language),,adjective,b1,ಮೌಖಿಕ,maukhika
spokesperson,,noun,b2,ವಕ್ತಾರ,vaktāra
spokeswoman,,noun,b2,ವಕ್ತಾರೆ,vaktāre
spokesperson,,noun,b2,ವಕ್ತಾರ,vaktāra
spokesperson (neutral),,noun,b2,ವಕ್ತಾರ,vaktāra
spokesman (male),,noun,b2,ವಕ್ತಾರ,vaktāra
to sponsor,transitive,noun,b2,ಪ್ರಾಯೋಜಿಸು,prāyōjisu
"to sponsor (a bill, legislation)",transitive,verb,b2,ಮಂಡಿಸು,maṁḍisu
to sponsor (guaranteeing someone),transitive,verb,b2,ಜವಾಬ್ದಾರಿ ವಹಿಸು / ಖಾತರಿ ನೀಡು,javābdāri vahisu / khātari nīḍu
sponsorship,,noun,b2,ಪ್ರಾಯೋಜಕತ್ವ,prāyōjakatva
spoon,,noun,a2,ಚಮಚ,camaca
sport,,noun,a1,ಕ್ರೀಡೆ,krīḍe
sporting (related to sports),,adjective,b2,ಕ್ರೀಡಾ,krīḍā
"sporting (fair, generous)",,adjective,b2,ಕ್ರೀಡಾ ಮನೋಭಾವದ,krīḍā manōbhāvada
spot (mark or stain),,noun,b1,ಕಲೆ / ಚುಕ್ಕೆ,kale / cukke
spot (location),,noun,b1,ಸ್ಥಳ,sthaḷa
to spot,transitive,verb,b2,ಗುರುತಿಸು,gurutisu
spotlight (physical lamp),,noun,c1,ಸ್ಪಾಟ್ಲೈಟ್,spāṭlaiṭ
"spotlight (attention, focus)",,noun,c1,ಗಮನದ ಕೇಂದ್ರ,gamanada kēṁdra
spouse (husband),,noun,c1,ಪತಿ / ಗಂಡ,pati / gaṁḍa
spouse (wife),,noun,c1,ಪತ್ನಿ / ಹೆಂಡತಿ,patni / heṁḍati
spread (food item),,noun,b2,ಸ್ಪ್ರೆಡ್,spreḍ
spread (bed covering),,noun,b2,ಹಾಸಿಗೆ ಹೊದಿಕೆ,hāsige hodike
bedspread,,noun,b2,ಬೆಡ್ ಸ್ಪ್ರೆಡ್,beḍ spreḍ
to send,transitive,verb,a1,ಕಳುಹಿಸು,kaḷuhisu
"senior (older, elder)",,adjective,b2,ಹಿರಿಯ,hiriya
sensation (feeling or perception),,noun,c1,ಸಂವೇದನೆ,saṁvēdane
sensation (public stir or excitement),,noun,c1,ಸಂಚಲನ,saṁcalana
sense (faculty),,noun,a2,ಇಂದ್ರಿಯ,iṁdriya
sense (judgment),,noun,a2,ವಿವೇಚನೆ,vivēcane
common sense,,noun,a2,ಸಾಮಾನ್ಯ ಜ್ಞಾನ,sāmānya jñāna
"sense (feeling, awareness)",,noun,a2,ಅರಿವು,arivu
"to sense (intuitively, feel)",transitive,verb,b2,ಗ್ರಹಿಸು,grahisu
"to sense (to detect input, like a sensor)",transitive,verb,b2,ಪತ್ತೆಹಚ್ಚು,pattehaccu
sensible (showing good judgment),,adjective,b1,ವಿವೇಕದ,vivēkada
"sensible (practical, utility)",,adjective,b1,ಪ್ರಾಯೋಗಿಕ,prāyōgika
sensitive (confidential or critical),,adjective,b2,ಸೂಕ್ಷ್ಮ,sūkṣma
"sensitivity (emotional, social)",,noun,c1,ಸೂಕ್ಷ್ಮತೆ,sūkṣmate
responsiveness to stimulus,,noun,c1,ಸಂವೇದನಶೀಲತೆ,saṁvēdanaśīlate
sentence (judicial punishment),,noun,b1,ಶಿಕ್ಷೆ,śikṣe
to sentence,transitive,verb,b2,ಶಿಕ್ಷೆ ಹಾಕು,śikṣe hāku
september,,noun,a1,ಸೆಪ್ಟೆಂಬರ್,sepṭeṁbar
seven,,number,a1,ಏಳು,ēḷu
seventeen,,number,a1,ಹದಿನೇಳು,hadinēḷu
seventy,,number,a1,ಎಪ್ಪತ್ತು,eppattu
sex (gender category),,noun,b1,ಲಿಂಗ,liṁga
sex (intercourse),,noun,b1,ಸಂಭೋಗ,saṁbhōga
sexual (relating to gender or biology),,adjective,b1,ಲೈಂಗಿಕ,laiṁgika
sexual (relating to desire or attraction),,adjective,b1,ಲೈಂಗಿಕ,laiṁgika
sexuality (identity or orientation),,noun,c1,ಲೈಂಗಿಕತೆ,laiṁgikate
"sexy (alluring, attractive)",,adjective,b2,ಆಕರ್ಷಕ,ākarṣaka
"sexy (provocative, sexually suggestive)",,adjective,b2,ಕಾಮಪ್ರಚೋದಕ / ಸೆಕ್ಸಿ,kāmapracōdaka / seksi
shade (color hue),,noun,b2,ಛಾಯೆ,chāye
shade (light covering),,noun,b2,ಪರದೆ,parade
lampshade,,noun,b2,ದೀಪದ ಕವಚ,dīpada kavaca
"shadow (trace, hint)",,noun,b2,ಛಾಯೆ,chāye
shadow (constant follower),,noun,b2,ಹಿಂಬಾಲಕ / ನೆರಳು,hiṁbālaka / neraḷu
shake (beverage),,noun,b1,ಶೇಕ್,śēk
to shake (to tremble),intransitive,verb,a2,ನಡುಗು,naḍugu
"to shake (earthquake, object)",intransitive,verb,a2,ಕಂಪಿಸು,kaṁpisu
"to shake (an object, person)",transitive,verb,a2,ಅಲ್ಲಾಡಿಸು,allāḍisu
"shall (suggestion, invitation)",,modal verb,a2,-ಓಣವೇ - /,"-ōṇavē -,"
"shall (formal duty, requirement)",,modal verb,b1,ಕಡ್ಡಾಯವಾಗಿ ಮಾಡಬೇಕು,kaḍḍāyavāgi māḍabēku
shallow (physical depth),,adjective,b2,ಆಳವಿಲ್ಲದ,āḷavillada
shallow (superficial),,adjective,b2,ಮೇಲ್ಮೈಯ / ಸಾರವಿಲ್ಲದ,mēlmaiya / sāravillada
shame (feeling of embarrassment),,noun,b2,ನಾಚಿಕೆ / ಲಜ್ಜೆ,nācike / lajje
shame (disgrace or dishonor),,noun,b2,ಅವಮಾನ / ಮಾನಭಂಗ,avamāna / mānabhaṁga
"shame (a regrettable occurrence, a pity)",,noun,b2,ದುಃಖದ ವಿಷಯ,duḥkhada viṣaya
shape (physical form),,noun,a2,ಆಕಾರ / ರೂಪ,ākāra / rūpa
shape (condition or fitness),,noun,b1,ಸ್ಥಿತಿ,sthiti
to shape (physical form),transitive,verb,b2,ರೂಪಿಸು,rūpisu
"to shape (policy, character)",transitive,verb,b2,ರೂಪಿಸು,rūpisu
"to shape (policy, opinion)",transitive,verb,b2,ಪ್ರಭಾವ ಬೀರು,prabhāva bīru
"shaped (influenced, formed by)",,adjective,b2,ರೂಪಗೊಂಡ,rūpagoṁḍa
share (portion),,noun,b1,ಪಾಲು / ಭಾಗ,pālu / bhāga
"share (stock, equity)",,noun,b2,ಷೇರು,ṣēru
"to share (material possessions, food)",transitive,verb,a1,ಹಂಚು,haṁcu
"to share (information, opinion)",transitive,verb,a1,ಹಂಚು,haṁcu
shareholder,,noun,c1,ಷೇರುದಾರ,ṣērudāra
"sharp (edged, pointed)",,adjective,b1,ಹರಿತ / ತೀಕ್ಷ್ಣ,harita / tīkṣṇa
sharp (intelligent),,adjective,b1,ಚುರುಕು,curuku
"sharp (mind, wittedness)",,adjective,b1,ತೀಕ್ಷ್ಣ ಬುದ್ಧಿಯ,tīkṣṇa buddhiya
"sharp (intense, sudden)",,adjective,b1,ತೀವ್ರ,tīvra
"sharp (taste, pungent)",,adjective,b1,ಖಾರವಾದ,khāravāda
"sharp (sudden, stabbing pain)",,adjective,b1,ತಿವಿದ,tivida
"to shatter (physical object, breaking into pieces)",transitive,verb,c1,ಪುಡಿಪುಡಿ ಮಾಡು,puḍipuḍi māḍu
"to shatter (hopes, dreams, a record)",transitive,verb,c1,ಭಗ್ನಗೊಳಿಸು,bhagnagoḷisu
to shatter (a record),transitive,verb,c1,ದಾಖಲೆ ಮುರಿ,dākhale muri
"she (nearby, neutral)",,pronoun,a1,ಇವಳು,ivaḷu
"she (distant, neutral)",,pronoun,a1,ಅವಳು,avaḷu
"she (formal, respectful)",,pronoun,a1,ಅವರು,avaru
"to shed (skin, leaves, hair)",transitive,verb,c1,ಉದುರಿಸು,udurisu
"to shed (a load, burden)",transitive,verb,c1,ಇಳಿಸು,iḷisu
sheep,,noun,a1,ಕುರಿ,kuri
storm (figurative: uproar),,noun,a2,ಕೋಲಾಹಲ,kōlāhala
story (level of building),,noun,a1,ಮಹಡಿ,mahaḍi
"straight (consecutive, uninterrupted)",,adjective,b1,ಸತತ,satata
"straight (immediately, directly)",,adverb,a2,ನೇರವಾಗಿ,nēravāgi
straightforward (uncomplicated),,adjective,c1,ಸರಳವಾದ,saraḷavāda
"straightforward (direct, frank)",,adjective,c1,ನೇರವಾದ,nēravāda
strain (stress or burden),,noun,c1,ಒತ್ತಡ,ottaḍa
strain (muscle injury),,noun,c1,ಸೆಳೆತ,seḷeta
strain (biological type),,noun,c1,ತಳಿ,taḷi
strand (thin length),,noun,c1,ಎಳೆ,eḷe
strand (component),,noun,c1,ಅಂಶ,aṁśa
"strange (unusual, odd)",,adjective,a2,ವಿಚಿತ್ರವಾದ / ಅಸಹಜವಾದ,vicitravāda / asahajavāda
"strange (unfamiliar, unknown)",,adjective,a2,ಅಪರಿಚಿತವಾದ,aparicitavāda
stranger (outsider or newcomer),,noun,b1,ಅಪರಿಚಿತ / ಹೊಸಬ,aparicita / hosaba
strategic,,adjective,c1,ಕಾರ್ಯತಂತ್ರದ,kāryataṁtrada
strategy,,noun,a2,ಕಾರ್ಯತಂತ್ರ,kāryataṁtra
stream (digital content),,noun,b2,ಸ್ಟ್ರೀಮ್ / ಪ್ರಸಾರ,sṭrīm / prasāra
"stream (academic path, specialization)",,noun,b2,ವಿಭಾಗ,vibhāga
street (narrow lane),,noun,a1,ಬೀದಿ,bīdi
strength (physical might),,noun,b1,ಶಕ್ತಿ / ಬಲ,śakti / bala
"strength (power, capability)",,noun,b1,ಸಾಮರ್ಥ್ಯ / ಪ್ರಬಲತೆ,sāmarthya / prabalate
"to strengthen (to reinforce, consolidate)",transitive,verb,b2,ಬಲಪಡಿಸು,balapaḍisu
stress (emphasis),,noun,a2,ಪ್ರಾಮುಖ್ಯತೆ,prāmukhyate
to stress (to emphasize),transitive,verb,a2,ಒತ್ತಿ ಹೇಳು,otti hēḷu
to stress (to cause anxiety),transitive,verb,a2,ಒತ್ತಡ ಹಾಕು,ottaḍa hāku
"stretch (of road, land)",,noun,b2,ವ್ಯಾಪ್ತಿ / ಪ್ರದೇಶ,vyāpti / pradēśa
stretch (period of time),,noun,b2,ಅವಧಿ,avadhi
"to stretch (one's body, limbs)",intransitive,verb,b2,ಕೈಕಾಲು ಚಾಚು,kaikālu cācu
"to stretch (to pull taut, lengthen material)",transitive,verb,b2,ಎಳೆ,eḷe
to stretch (to extend over an area),intransitive,verb,b2,ವಿಸ್ತರಿಸು,vistarisu
strict,,adjective,b2,ಕಟ್ಟುನಿಟ್ಟಾದ,kaṭṭuniṭṭāda
strictly (speaking),,adverb,b2,ಕಟ್ಟುನಿಟ್ಟಾಗಿ,kaṭṭuniṭṭāgi
strictly speaking,,adverb,b2,ನಿರ್ದಿಷ್ಟವಾಗಿ ಹೇಳುವುದಾದರೆ,nirdiṣṭavāgi hēḷuvudādare
strike (industrial action),,noun,b2,ಮುಷ್ಕರ,muṣkara
to strike (to hit),transitive,verb,b2,ಹೊಡೆ,hoḍe
to strike (as protest),intransitive,verb,b2,ಮುಷ್ಕರ ಮಾಡು,muṣkara māḍu
to strike (to seem or appear),intransitive,verb,b2,ಅನಿಸು,anisu
striking (visually impressive),,adjective,c1,ಬೆರಗುಗೊಳಿಸುವ,beragugoḷisuva
"striking (remarkable, significant)",,adjective,c1,ಗಮನಾರ್ಹವಾದ,gamanārhavāda
"string (series, sequence)",,noun,b1,ಸರಣಿ,saraṇi
"strip (long, narrow piece)",,noun,c1,ಪಟ್ಟಿ,paṭṭi
strip (team uniform),,noun,c1,ಸಮವಸ್ತ್ರ,samavastra
strip (commercial district),,noun,c1,ವಾಣಿಜ್ಯ ಬೀದಿ,vāṇijya bīdi
to strip (to undress or remove covering),transitive,verb,c1,ತೆಗೆ / ಬಿಡಿಸು,tege / biḍisu
to strip (to remove paint or wax),transitive,verb,c1,ತೆಗೆ,tege
"to strive (intensely, competing)",intransitive,verb,c1,ಹೋರಾಡು,hōrāḍu
stroke (medical event),,noun,b2,ಪಕ್ಷಾಘಾತ,pakṣāghāta
talented (m),,adjective,b1,ಪ್ರತಿಭಾವಂತ,pratibhāvaṁta
talented (f),,adjective,b1,ಪ್ರತಿಭಾವಂತೆ,pratibhāvaṁte
"talk (speech, lecture)",,noun,a2,ಭಾಷಣ / ಉಪನ್ಯಾಸ,bhāṣaṇa / upanyāsa
to talk,intransitive,verb,a1,ಮಾತಾಡು / ಮಾತನಾಡು,mātāḍu / mātanāḍu
tall,,adjective,a1,ಎತ್ತರ,ettara
tank (container for liquid),,noun,b2,ಟ್ಯಾಂಕ್ / ತೊಟ್ಟಿ,ṭyāṁk / toṭṭi
tank (military vehicle),,noun,b2,ಟ್ಯಾಂಕ್,ṭyāṁk
tap (light strike),,noun,b2,ತಟ್ಟು,taṭṭu
tap (interception device),,noun,b2,ಕದ್ದಾಲಿಕೆಯ ಸಾಧನ / ಟ್ಯಾಪ್,kaddālikeya sādhana / ṭyāp
to tap (to extract liquid or resource),transitive,verb,b2,ತೆಗೆ / ಉಪಯೋಗಿಸು,tege / upayōgisu
to tap (to intercept communication),transitive,verb,c1,ಕದ್ದಾಲಿಸು,kaddālisu
tape (adhesive),,noun,b1,ಟೇಪ್,ṭēp
tape (measuring device),,noun,b1,ಅಳತೆ ಪಟ್ಟಿ / ಟೇಪ್,aḷate paṭṭi / ṭēp
"target (goal, objective)",,noun,a2,ಗುರಿ / ಉದ್ದೇಶ,guri / uddēśa
"to target (a market, audience, to focus on)",transitive,verb,b2,ಗುರಿ ಇಡು,guri iḍu
task,,noun,a2,ಕಾರ್ಯ,kārya
"taste (preference, style)",,noun,b1,ಅಭಿರುಚಿ,abhiruci
to taste,,verb,a2,ರುಚಿ ನೋಡು,ruci nōḍu
tax,,noun,b1,ತೆರಿಗೆ,terige
to tax (financially),transitive,verb,b1,ತೆರಿಗೆ ಹಾಕು,terige hāku
taxi,,noun,a1,ಟ್ಯಾಕ್ಸಿ,ṭyāksi
taxpayer,,noun,c1,ತೆರಿಗೆದಾರ,terigedāra
tea,,noun,a1,ಚಹಾ / ಟೀ,cahā / ṭī
teaching,,noun,a2,ಬೋಧನೆ,bōdhane
team,,noun,a1,ತಂಡ,taṁḍa
tear (from the eye),,noun,b2,ಕಣ್ಣೀರು,kaṇṇīru
"technical (relating to rules, procedure)",,adjective,b1,ತಾಂತ್ರಿಕ,tāṁtrika
technological,,adjective,b2,ತಾಂತ್ರಿಕ,tāṁtrika
technology,,noun,a2,ತಂತ್ರಜ್ಞಾನ,taṁtrajñāna
teenage,,adjective,a2,ಹದಿಹರೆಯದ,hadihareyada
teens,,noun,b2,ಹದಿಹರೆಯ,hadihareya
"telephone (formal, standard)",,noun,a1,ದೂರವಾಣಿ,dūravāṇi
to telephone,transitive,verb,a1,ದೂರವಾಣಿ ಮಾಡು,dūravāṇi māḍu
to call (phone),transitive,verb,a1,ಫೋನ್ ಮಾಡು,phōn māḍu
television (formal),,noun,a1,ದೂರದರ್ಶನ,dūradarśana
to term,transitive,verb,b2,ಕರೆಯಿರಿ,kareyiri
surgical (precise; targeted),,adjective,c1,ಶಸ್ತ್ರಚಿಕಿತ್ಸೆಯ,śastracikitseya
"to sweep (move quickly, e.g., wind or glance)",intransitive,verb,b2,ಹರಿಯು,hariyu
"to sweep (glance, sight)",,verb,b2,ಕಣ್ಣು ಹಾಯಿಸು,kaṇṇu hāyisu
to sweep (win overwhelmingly),transitive,verb,b2,ಸಂಪೂರ್ಣವಾಗಿ ಗೆಲ್ಲು,saṁpūrṇavāgi gellu
sweet (taste),,adjective,a2,ಸಿಹಿ,sihi
"sweet (person, disposition)",,adjective,a2,ಮಧುರವಾದ,madhuravāda
"sweet (charming, cute)",,adjective,a2,ಮುದ್ದಾದ,muddāda
"sweet (taste, disposition)",,noun,a2,ಸಿಹಿ,sihi
"sweet (dessert, candy)",,noun,a2,ಸಿಹಿ ತಿಂಡಿ / ಸಿಹಿ ಪದಾರ್ಥ,sihi tiṁḍi / sihi padārtha
swim,,noun,b1,ಈಜು,īju
to swim,intransitive,verb,a1,ಈಜು,īju
swimming,,noun,a1,ಈಜು,īju
swing (playground equipment),,noun,c1,ತೂಗುಯ್ಯಾಲೆ / ಊಯ್ಯಾಲೆ,tūguyyāle / ūyyāle
"swing (political, economic shift)",,noun,c1,ನಿರ್ಣಾಯಕ ಬದಲಾವಣೆ / ತಿರುವು,nirṇāyaka badalāvaṇe / tiruvu
swing (in voting),,noun,c1,ಮತಗಳ ಬದಲಾವಣೆ,matagaḷa badalāvaṇe
to swing (back and forth movement),intransitive,verb,c1,ತೂಗು,tūgu
"to swing (a bat, arm, or object)",transitive,verb,c1,ಬೀಸು,bīsu
"to swing (an election, a decision)",transitive,verb,c1,ಪ್ರಭಾವ ಬೀರು,prabhāva bīru
"switch (change, shift)",,noun,b2,ದಿಡೀರ್ ಬದಲಾವಣೆ / ತಿರುವು,diḍīr badalāvaṇe / tiruvu
"to switch (on, off a device)",transitive,verb,b1,ಸ್ವಿಚ್ ಮಾಡು,svic māḍu
to switch on,transitive,verb,a1,ಆನ್ ಮಾಡು,ān māḍu
to switch off,transitive,verb,a1,ಆಫ್ ಮಾಡು,āph māḍu
to switch (change or swap),transitive,verb,b1,ಬದಲಾಯಿಸು,badalāyisu
sword (literary or historical context),,noun,c1,ಖಡ್ಗ,khaḍga
symbol (sign or mark),,noun,a2,ಚಿಹ್ನೆ,cihne
symbol (representation or emblem),,noun,a2,ಸಂಕೇತ,saṁkēta
symbolic,,adjective,c1,ಸಾಂಕೇತಿಕ,sāṁkētika
"sympathetic (supportive, favorable)",,adjective,b2,ಬೆಂಬಲಿಸುವ,beṁbalisuva
"sympathy (pity, compassion)",,noun,b2,ಸಹಾನುಭೂತಿ,sahānubhūti
"sympathy (support, solidarity)",,noun,b2,ಬೆಂಬಲ,beṁbala
symptom,,noun,b1,ರೋಗಲಕ್ಷಣ,rōgalakṣaṇa
syndrome (medical condition),,noun,c1,ಸಿಂಡ್ರೋಮ್,siṁḍrōm
syndrome (complex of behaviours),,noun,c1,ಸಿಂಡ್ರೋಮ್,siṁḍrōm
synthesis (chemical),,noun,c1,ಸಂಶ್ಲೇಷಣೆ,saṁślēṣaṇe
system (computer setup),,noun,a2,ಸಿಸ್ಟಂ,sisṭaṁ
system (body or health),,noun,a2,ವ್ಯವಸ್ಥೆ,vyavasthe
systematic,,adjective,c1,ವ್ಯವಸ್ಥಿತ,vyavasthita
t-shirt,,noun,a1,ಟೀ ಶರ್ಟ್,ṭī śarṭ
"table (data arrangement, chart)",,noun,b1,ಕೋಷ್ಟಕ,kōṣṭaka
"tablet (medicine, pill)",,noun,a2,ಗುಳಿಗೆ,guḷige
tablet (electronic device),,noun,a2,ಟ್ಯಾಬ್ಲೆಟ್,ṭyābleṭ
tackle (equipment),,noun,c1,ಉಪಕರಣ,upakaraṇa
to tackle (a problem or challenge),transitive,verb,b2,ನಿರ್ವಹಿಸು / ಎದುರಿಸು,nirvahisu / edurisu
to tackle (in sports),transitive,verb,b2,ಟ್ಯಾಕಲ್ ಮಾಡು,ṭyākal māḍu
tactic,,noun,c1,ತಂತ್ರ,taṁtra
tactical,,adjective,c1,ತಾಂತ್ರಿಕ,tāṁtrika
tag (label attached to an object),,noun,b2,ಚೀಟಿ,cīṭi
"tag (digital index, keyword)",,noun,b2,ಟ್ಯಾಗ್,ṭyāg
to tag (to affix a label),transitive,verb,b2,ಲೇಬಲ್ ಹಾಕು,lēbal hāku
"to tag (digital, social media)",transitive,verb,b2,ಟ್ಯಾಗ್ ಮಾಡು,ṭyāg māḍu
type,,noun,a1,ಪ್ರಕಾರ / ವಿಧ,prakāra / vidha
to threaten (to pose danger),transitive,verb,b2,ಅಪಾಯ ಒಡ್ಡು,apāya oḍḍu
timber (standing trees),,noun,c1,ಮರಮುಟ್ಟು,maramuṭṭu
"to tip (tilt, overturn)",,verb,b1,ವಾಲಿಸು,vālisu
to,,infinitive marker,a1,ಲು,lu
today,,noun,a1,ಇಂದು,iṁdu
"toilet (restroom, bathroom, polite)",,noun,a1,ಶೌಚಾಲಯ / ಕಕ್ಕಸ್ಸು,śaucālaya / kakkassu
"third (fraction, 1, 3)",,noun,a2,ಮೂರನೇ ಒಂದು ಭಾಗ,mūranē oṁdu bhāga
third,,ordinal number,a1,ಮೂರನೇ,mūranē
this (pronoun),,adverb,b1,ಇದು,idu
this (adjective),,adverb,b1,ಈ,ī
this (modifying a noun),,pronoun,a1,ಈ,ī
worldwide (adjective),,adverb,b1,ಜಗತ್ತಿನಾದ್ಯಂತ,jagattinādyaṁta
worse,,adjective,a2,ಇನ್ನೂ ಕೆಟ್ಟ / ಹೆಚ್ಚು ಕೆಟ್ಟ,innū keṭṭa / heccu keṭṭa
worse,,adverb,b1,ಕೆಟ್ಟದಾಗಿ / ತೀರ ಕೆಟ್ಟದಾಗಿ,keṭṭadāgi / tīra keṭṭadāgi
"worst (at worst, at minimum)",,adjective,b1,ಅತ್ಯಂತ ಕೆಟ್ಟ,atyaṁta keṭṭa
worst,,adverb,b1,ಅತ್ಯಂತ ಕೆಟ್ಟದಾಗಿ,atyaṁta keṭṭadāgi
worst,,noun,b2,ಅತ್ಯಂತ ಕೆಟ್ಟದ್ದು,atyaṁta keṭṭaddu
"worth (deserving of ,  beneficial)",,adjective,b1,ಯೋಗ್ಯ,yōgya
wrong,,adjective,a1,ತಪ್ಪು,tappu
"wrong (incorrect, not right)",,adverb,b1,ತಪ್ಪಾಗಿ,tappāgi
"wrong (morally bad, unjust)",,adverb,b1,ತಪ್ಪಾಗಿ,tappāgi
wrong (morally bad),,adverb,b1,ಅನೈತಿಕವಾಗಿ,anaitikavāgi
wrong (a mistake or injustice),,adverb,b2,ತಪ್ಪಾಗಿ,tappāgi
yes (general affirmation),,exclamation,a1,ಹೌದು,haudu
yes (casual),,exclamation,a1,ಹಾ,hā
"to yield (surrender, concede)",intransitive,verb,c1,ಬಿಟ್ಟುಕೊಡು,biṭṭukoḍu
"youngster (colloquial, referring to a child, teen)",,noun,c1,ಹುಡುಗ / ಹುಡುಗಿ,huḍuga / huḍugi
"yours (respectful, formal, plural)",,pronoun,a2,ನಿಮ್ಮದು,nimmadu
"yourself (formal, singular)",,pronoun,a1,ನೀವೇ,nīvē
welcome (greeting),,adjective,a1,ಸ್ವಾಗತ,svāgata
welcome (greeting),,exclamation,a1,ಸ್ವಾಗತ,svāgata
welcome,,noun,a2,ಸ್ವಾಗತ,svāgata
well (as a filler),,exclamation,a1,ಸರಿ,sari
well (indicating realization or resignation),,exclamation,a1,ಪರವಾಗಿಲ್ಲ,paravāgilla
"west (noun, direction)",,adjective,a1,ಪಶ್ಚಿಮ,paścima
west,,noun,a1,ಪಶ್ಚಿಮ,paścima
western (direction),,adjective,b1,ಪಶ್ಚಿಮದ,paścimada
what (used before a noun),,determiner,a1,ಯಾವ,yāva
what,,pronoun,a1,ಏನು,ēnu
whatever (dismissive interjection),,adverb,c1,ಸರಿ ಬಿಡು,sari biḍu
"whatever (things, concepts)",,determiner,b1,ಯಾವದೇ,yāvadē
whatever (dismissive),,pronoun,b1,ಅದೇನಾದರೂ,adēnādarū
when (connecting time),,adverb,a1,ಆಗ,āga
when? (interrogative adverb),,conjunction,a1,ಯಾವಾಗ,yāvāga
where (to),,adverb,a1,ಎಲ್ಲಿಗೆ,ellige
where (question word),,conjunction,a1,ಎಲ್ಲಿ,elli
whether,,conjunction,b1,ಅಥವಾ / ಇಲ್ಲವೋ,athavā / illavō
which (determiner),,determiner,a1,ಯಾವ,yāva
which (pronoun),,determiner,a1,ಯಾವುದು,yāvudu
"which (adjective, determiner)",,pronoun,a1,ಯಾವ,yāva
"upset (physically ill, stomach)",,adjective,b1,ಅಸ್ವಸ್ಥ,asvastha
upstairs (location or movement),,adjective,a2,ಮೇಲಿನ,meೕlina
"us (inclusive, you and I)",,pronoun,a1,ನಮ್ಮನ್ನು,nammannu
"us (exclusive, I and others but not you)",,pronoun,a1,ನಮ್ಮನ್ನು,nammannu
second-hand,,adjective,a2,ಸೆಕಂಡ್ ಹ್ಯಾಂಡ್,sekaṁḍ hyāṁḍ
useless (without benefit),,adjective,b1,ನಿಷ್ಪ್ರಯೋಜಕ,niṣprayōjaka
"holiday, time off",,noun,a2,ವಿರಾಮ,virāma
"vague (unspecified, imprecise)",,adjective,c1,ಅಸ್ಪಷ್ಟ,aspaṣṭa
track (path or rail line),,noun,a2,ಮಾರ್ಗ,mārga
"whole (entire ,  complete)",,noun,b1,ಒಟ್ಟಾರೆ,oṭṭāre
"to whom ,  for whom",,pronoun,b2,ಯಾರಿಗೆ,yārige
whose,,determiner,a2,ಯಾರ,yāra
whose,,pronoun,a2,ಯಾರದ್ದು,yāraddu
"why (for what reason, purpose)",,adverb,a1,ಏಕೆ / ಯಾಕೆ,ēke / yāke
"wife (neutral, literary)",,noun,a2,ಪತ್ನಿ,patni
"wild (reckless, uncontrolled)",,adjective,a2,ಅನಿಯಂತ್ರಿತ,aniyaṁtrita
will (determination),,noun,b1,ಇಚ್ಛೆ,icche
"wine (formal, literary term)",,noun,a1,ದ್ರಾಕ್ಷಾರಸ,drākṣārasa
winter (cold season),,noun,a1,ಚಳಿಗಾಲ,caḷigāla
